,action,amount,assetPriceUSD,id,timestamp,txHash,useATokens,pool,repayer_id,reserve_decimals,reserve_name,underlying_asset,user_id
0,Repay,72.0,1573.70022,16529458:112:0xc80b04d8d56fec0a4ed0110f0b62af1787be225c200e9fc968140d4cc7c81d9f:246:246,1675200047,0xc80b04d8d56fec0a4ed0110f0b62af1787be225c200e9fc968140d4cc7c81d9f,False,0x87870bca3f3fd6335c3f4ce8392d69350b4fa4e2,0xd322a49006fc828f9b5b37ab215f99b4e5cab19c,18,Wrapped Ether,0xc02aaa39b223fe8d0a0e5c4f27ead9083c756cc2,0xc5c758ca460ca1485ff199bef353d0ec5c483867
1,Repay,67991.07324437208,1.00104427,16529329:122:0x370a4403e1b9555681b9a463d4015117b16065d9d5ba24ff031405bab7a2e289:313:313,1675198487,0x370a4403e1b9555681b9a463d4015117b16065d9d5ba24ff031405bab7a2e289,False,0x87870bca3f3fd6335c3f4ce8392d69350b4fa4e2,0x7b92a37fed8daf82aa2cd04810e7d6c13b5e8e64,18,Dai Stablecoin,0x6b175474e89094c44da98b954eedeac495271d0f,0x7b92a37fed8daf82aa2cd04810e7d6c13b5e8e64
2,Repay,47.47465877437173,1590.31,16527963:68:0x7e554f5f6149d137ef149fb40f2e91d4c2bd3590e506a7bd14566bd0b7690a5b:128:128,1675182035,0x7e554f5f6149d137ef149fb40f2e91d4c2bd3590e506a7bd14566bd0b7690a5b,True,0x87870bca3f3fd6335c3f4ce8392d69350b4fa4e2,0xa9c39d49be0511fb4698f1452e267dbdda2f5b1e,18,Wrapped Ether,0xc02aaa39b223fe8d0a0e5c4f27ead9083c756cc2,0xa9c39d49be0511fb4698f1452e267dbdda2f5b1e
3,Repay,330.00055,1.0002872,16527543:95:0x12147919fb03d787039bdbc6e6929cd97ae844565f04bb55c1e0eacc0139a057:178:178,1675176995,0x12147919fb03d787039bdbc6e6929cd97ae844565f04bb55c1e0eacc0139a057,False,0x87870bca3f3fd6335c3f4ce8392d69350b4fa4e2,0x9a85bd8bd893b4e9c8eaba833be24b0c09dc6e14,6,USD Coin,0xa0b86991c6218b36c1d19d4a2e9eb0ce3606eb48,0x9a85bd8bd893b4e9c8eaba833be24b0c09dc6e14
4,Repay,1.0099735088748107,1583.83991,16527195:125:0x6e503026f4ce6f75cb05edb92735cd93c74a9cb46249cabdbacc63c5a813cc5e:325:325,1675172807,0x6e503026f4ce6f75cb05edb92735cd93c74a9cb46249cabdbacc63c5a813cc5e,False,0x87870bca3f3fd6335c3f4ce8392d69350b4fa4e2,0x1809f186d680f239420b56948c58f8dbbcdf1e18,18,Wrapped Ether,0xc02aaa39b223fe8d0a0e5c4f27ead9083c756cc2,0xf76447312755e90b829e119f3201d16ed73c5145
5,Repay,431.862867,1.0002872,16526982:97:0x304895c4f99590033d11aaf37323590fb307f7d415de74ae2370ca017cf515e3:194:194,1675170227,0x304895c4f99590033d11aaf37323590fb307f7d415de74ae2370ca017cf515e3,False,0x87870bca3f3fd6335c3f4ce8392d69350b4fa4e2,0x2c667ca28a3c9a38d53cea38157f2021e93975a6,6,USD Coin,0xa0b86991c6218b36c1d19d4a2e9eb0ce3606eb48,0x2c667ca28a3c9a38d53cea38157f2021e93975a6
6,Repay,5000.055499,1.0002872,16526778:96:0x784b6fad98656c331f8ea4ff99f82dfc7bf4a3b7d584432a8fb40dd2637fc4e6:206:206,1675167755,0x784b6fad98656c331f8ea4ff99f82dfc7bf4a3b7d584432a8fb40dd2637fc4e6,False,0x87870bca3f3fd6335c3f4ce8392d69350b4fa4e2,0x252f3d8e0aa1ee58e299700ea6dcc3f4e924586e,6,USD Coin,0xa0b86991c6218b36c1d19d4a2e9eb0ce3606eb48,0x252f3d8e0aa1ee58e299700ea6dcc3f4e924586e
7,Repay,1413.9590082077243,1.00048945,16526755:94:0x810f0f5cfc675d609933ed8e3a0051bf136412a8ae265819b2998cb60c464d7a:138:138,1675167479,0x810f0f5cfc675d609933ed8e3a0051bf136412a8ae265819b2998cb60c464d7a,False,0x87870bca3f3fd6335c3f4ce8392d69350b4fa4e2,0xc0264f33b7f2d12703fd3da1b9c2a87d922dcd08,18,Dai Stablecoin,0x6b175474e89094c44da98b954eedeac495271d0f,0xc0264f33b7f2d12703fd3da1b9c2a87d922dcd08
8,Repay,4562.56506672,1.00048945,16526687:62:0xc8fd662e3910f99a693b3521013c57fb7461978afe74042af24f1f81e6e628b6:132:132,1675166663,0xc8fd662e3910f99a693b3521013c57fb7461978afe74042af24f1f81e6e628b6,False,0x87870bca3f3fd6335c3f4ce8392d69350b4fa4e2,0x0c50fdba9ddf40e18f58148523f658c1b8c7b21e,18,Dai Stablecoin,0x6b175474e89094c44da98b954eedeac495271d0f,0x0c50fdba9ddf40e18f58148523f658c1b8c7b21e
9,Repay,5495.276316,1.0002872,16526508:35:0x7e3a80f3b68663cc59aed9a783f3673dc3473919e9d2d504c717abeec8b9bded:62:62,1675164503,0x7e3a80f3b68663cc59aed9a783f3673dc3473919e9d2d504c717abeec8b9bded,False,0x87870bca3f3fd6335c3f4ce8392d69350b4fa4e2,0xc33a200a381913842cd17718071c6d8820cee156,6,USD Coin,0xa0b86991c6218b36c1d19d4a2e9eb0ce3606eb48,0xc33a200a381913842cd17718071c6d8820cee156
10,Repay,3.295865604857462,0.0,16525086:33:0xb85e72564e5583f36faf9adc4bb3fbea14daf14ba5e300b23cb87bd6a85eb3dd:54:54,1675147343,0xb85e72564e5583f36faf9adc4bb3fbea14daf14ba5e300b23cb87bd6a85eb3dd,False,0x87870bca3f3fd6335c3f4ce8392d69350b4fa4e2,0x5bec16078aa490194f1fcdabc3cff760a45c20bc,18,Wrapped liquid staked Ether 2.0,0x7f39c581f595b53c5cb19bd0b3f8da6c935e2ca0,0x5bec16078aa490194f1fcdabc3cff760a45c20bc
11,Repay,724.76667,0.99994455,16524774:85:0xdd6c679dfb93204659810c9d898c8dc47f8b145492dd3061390bc00342b482ed:144:144,1675143587,0xdd6c679dfb93204659810c9d898c8dc47f8b145492dd3061390bc00342b482ed,False,0x87870bca3f3fd6335c3f4ce8392d69350b4fa4e2,0xe8586c6d702c1a223380b6586dd3509443c7be86,6,USD Coin,0xa0b86991c6218b36c1d19d4a2e9eb0ce3606eb48,0xe8586c6d702c1a223380b6586dd3509443c7be86
12,Repay,30513.601333,0.99994455,16523619:64:0x5559806dfc57d952549ad91a7342d8bebf9501a1851c81b0e61ccb4e6e4d16e1:157:157,1675129655,0x5559806dfc57d952549ad91a7342d8bebf9501a1851c81b0e61ccb4e6e4d16e1,False,0x87870bca3f3fd6335c3f4ce8392d69350b4fa4e2,0xc33a200a381913842cd17718071c6d8820cee156,6,USD Coin,0xa0b86991c6218b36c1d19d4a2e9eb0ce3606eb48,0xc33a200a381913842cd17718071c6d8820cee156
13,Repay,1.5000293818656223,1555.14,16522591:60:0xa8e54707c1ce281371b920ac50c15a77d830f23bce59078ea3bdc59e3aa2f6ad:79:79,1675117283,0xa8e54707c1ce281371b920ac50c15a77d830f23bce59078ea3bdc59e3aa2f6ad,False,0x87870bca3f3fd6335c3f4ce8392d69350b4fa4e2,0xd322a49006fc828f9b5b37ab215f99b4e5cab19c,18,Wrapped Ether,0xc02aaa39b223fe8d0a0e5c4f27ead9083c756cc2,0xdc1f24cbc7d9fa10f45effdd950bb4ae90c5efd0
14,Repay,9996.142746,0.99994455,16520557:192:0x2a82487ecf0d0c690f9bb1e4075b10c1d6049ff98673f3614c579e0d47b29f96:453:453,1675092755,0x2a82487ecf0d0c690f9bb1e4075b10c1d6049ff98673f3614c579e0d47b29f96,False,0x87870bca3f3fd6335c3f4ce8392d69350b4fa4e2,0xc33a200a381913842cd17718071c6d8820cee156,6,USD Coin,0xa0b86991c6218b36c1d19d4a2e9eb0ce3606eb48,0xc33a200a381913842cd17718071c6d8820cee156
15,Repay,130.624972,0.99994455,16520070:94:0x2647e5fb9c87f63dded29f14791a9c401b5d9f6a48e114967dde7c7cb34c5609:228:228,1675086875,0x2647e5fb9c87f63dded29f14791a9c401b5d9f6a48e114967dde7c7cb34c5609,False,0x87870bca3f3fd6335c3f4ce8392d69350b4fa4e2,0x1809f186d680f239420b56948c58f8dbbcdf1e18,6,USD Coin,0xa0b86991c6218b36c1d19d4a2e9eb0ce3606eb48,0x1144ec667824e39689ce089ad8d81f94875d9a64
16,Repay,450.0366383772233,1582.61,16519337:80:0xcd3fd27e05956014e7fe769e21e5227d75726f6e141849fdd2ca83d33308d356:120:120,1675078043,0xcd3fd27e05956014e7fe769e21e5227d75726f6e141849fdd2ca83d33308d356,False,0x87870bca3f3fd6335c3f4ce8392d69350b4fa4e2,0xd322a49006fc828f9b5b37ab215f99b4e5cab19c,18,Wrapped Ether,0xc02aaa39b223fe8d0a0e5c4f27ead9083c756cc2,0xe18a59a244e6137851ca8b0ecf57456183120907
17,Repay,70.0,1593.06721,16519136:88:0x6df4752f661278fa7608bd2f762e2d442ef055c14c6481ffd3eab7da48550092:201:201,1675075619,0x6df4752f661278fa7608bd2f762e2d442ef055c14c6481ffd3eab7da48550092,False,0x87870bca3f3fd6335c3f4ce8392d69350b4fa4e2,0xd322a49006fc828f9b5b37ab215f99b4e5cab19c,18,Wrapped Ether,0xc02aaa39b223fe8d0a0e5c4f27ead9083c756cc2,0xc5c758ca460ca1485ff199bef353d0ec5c483867
18,Repay,300.10688667269955,0.99979706,16518536:102:0xe26c7e7cee2a5b29d268ff0555fbd5b5f7d3c63c88967849663b1cfa33df4ff1:262:262,1675068395,0xe26c7e7cee2a5b29d268ff0555fbd5b5f7d3c63c88967849663b1cfa33df4ff1,False,0x87870bca3f3fd6335c3f4ce8392d69350b4fa4e2,0x1809f186d680f239420b56948c58f8dbbcdf1e18,18,Dai Stablecoin,0x6b175474e89094c44da98b954eedeac495271d0f,0x5294180af0bd78eadcc919211f455828aa665442
19,Repay,1.6861635985061765,1626.81697011,16518290:80:0x0add3ca06ec2146f54d2bc0ad4d242de9e1ec7319e099d67bf98c9169d3ecd43:192:192,1675065431,0x0add3ca06ec2146f54d2bc0ad4d242de9e1ec7319e099d67bf98c9169d3ecd43,True,0x87870bca3f3fd6335c3f4ce8392d69350b4fa4e2,0x5a884d400df60d92391185d39bf169700a049539,18,Wrapped Ether,0xc02aaa39b223fe8d0a0e5c4f27ead9083c756cc2,0x5a884d400df60d92391185d39bf169700a049539
20,Repay,2500.446781,0.99994455,16518000:144:0xde56dcfeca08b1b9bc28744378afef0d69643804d5844144536b629edaeb35c8:344:344,1675061915,0xde56dcfeca08b1b9bc28744378afef0d69643804d5844144536b629edaeb35c8,False,0x87870bca3f3fd6335c3f4ce8392d69350b4fa4e2,0x4e229cb11340eee5e87fcce42d79cc679f373c8f,6,USD Coin,0xa0b86991c6218b36c1d19d4a2e9eb0ce3606eb48,0x4e229cb11340eee5e87fcce42d79cc679f373c8f
21,Repay,4500.293126,0.99994455,16517728:72:0x57fb514a8478c2c40c44552b41e22b4d04f7a8d43b1df345558f019863c3ea5f:163:163,1675058651,0x57fb514a8478c2c40c44552b41e22b4d04f7a8d43b1df345558f019863c3ea5f,False,0x87870bca3f3fd6335c3f4ce8392d69350b4fa4e2,0x9da27586b950d2e5b226fcfb83cac3bbdb617b52,6,USD Coin,0xa0b86991c6218b36c1d19d4a2e9eb0ce3606eb48,0x9da27586b950d2e5b226fcfb83cac3bbdb617b52
22,Repay,0.000800050364029,1633.13834233,16517703:57:0xb507ed83a3aa84fe5258dc6ba37ef3b514f5051f73b59386c53b54a4d821e9c1:116:116,1675058351,0xb507ed83a3aa84fe5258dc6ba37ef3b514f5051f73b59386c53b54a4d821e9c1,False,0x87870bca3f3fd6335c3f4ce8392d69350b4fa4e2,0xd322a49006fc828f9b5b37ab215f99b4e5cab19c,18,Wrapped Ether,0xc02aaa39b223fe8d0a0e5c4f27ead9083c756cc2,0x5555555ed815d3d011471999bc51bf327be4f514
23,Repay,150000.367005,1.00020182,16517377:151:0xb5bdf2c0d6e7c4c6aa64971af95a78af37cac9188702601360597530e410876c:367:367,1675054415,0xb5bdf2c0d6e7c4c6aa64971af95a78af37cac9188702601360597530e410876c,False,0x87870bca3f3fd6335c3f4ce8392d69350b4fa4e2,0xb43e226669a2b9af39afe869f6357194c1d1cb82,6,USD Coin,0xa0b86991c6218b36c1d19d4a2e9eb0ce3606eb48,0xb43e226669a2b9af39afe869f6357194c1d1cb82
24,Repay,100014.515944,1.00020182,16516563:103:0xff6bdb49743153c1570585fe47021a4ccc85a5ab537c974b0738cad5b74ab14b:262:262,1675044611,0xff6bdb49743153c1570585fe47021a4ccc85a5ab537c974b0738cad5b74ab14b,False,0x87870bca3f3fd6335c3f4ce8392d69350b4fa4e2,0xb43e226669a2b9af39afe869f6357194c1d1cb82,6,USD Coin,0xa0b86991c6218b36c1d19d4a2e9eb0ce3606eb48,0xb43e226669a2b9af39afe869f6357194c1d1cb82
25,Repay,11.000057909655784,1644.97279669,16515563:108:0x4e79139ced4f3c788d277ad95950c7391f8004c08b6e14e28268060e6a8c9c84:233:233,1675032539,0x4e79139ced4f3c788d277ad95950c7391f8004c08b6e14e28268060e6a8c9c84,False,0x87870bca3f3fd6335c3f4ce8392d69350b4fa4e2,0xd322a49006fc828f9b5b37ab215f99b4e5cab19c,18,Wrapped Ether,0xc02aaa39b223fe8d0a0e5c4f27ead9083c756cc2,0xa713e870ff90aac4e5aa34121ca1b607bac6cc17
26,Repay,900.0,1.00020182,16515526:110:0x5e3713596773cbe40df950291c6d0dd9e191e517089ed665477fc46e57c2fc5d:230:230,1675032083,0x5e3713596773cbe40df950291c6d0dd9e191e517089ed665477fc46e57c2fc5d,False,0x87870bca3f3fd6335c3f4ce8392d69350b4fa4e2,0xa51285a0ada50cbe643e653234507ee0f3d4593a,6,USD Coin,0xa0b86991c6218b36c1d19d4a2e9eb0ce3606eb48,0xa51285a0ada50cbe643e653234507ee0f3d4593a
27,Repay,1000.0,1.00020182,16515462:106:0xea0382f2c16fc6eb1f668e09349cefd54def86e2351ddbd99e5485be3d8684a8:246:246,1675031315,0xea0382f2c16fc6eb1f668e09349cefd54def86e2351ddbd99e5485be3d8684a8,False,0x87870bca3f3fd6335c3f4ce8392d69350b4fa4e2,0x1809f186d680f239420b56948c58f8dbbcdf1e18,6,USD Coin,0xa0b86991c6218b36c1d19d4a2e9eb0ce3606eb48,0x01e9885169f1884a243dd68a85b3f7a2a1ef1a08
28,Repay,0.250063125377192,1635.03129534,16515112:203:0x640ec9bf2a65753a4399ebc661e571a2f63b7f508606333438335468867470e8:426:426,1675027103,0x640ec9bf2a65753a4399ebc661e571a2f63b7f508606333438335468867470e8,False,0x87870bca3f3fd6335c3f4ce8392d69350b4fa4e2,0xd322a49006fc828f9b5b37ab215f99b4e5cab19c,18,Wrapped Ether,0xc02aaa39b223fe8d0a0e5c4f27ead9083c756cc2,0x3b37a0f4b894b75c2bce81969148e344bfb44771
29,Repay,800.15963,1.00020182,16514798:160:0xd6d7b1ac982b9acd42e2950b5db0bd380ede617a46e4ace86043dc7d36d90183:468:468,1675023323,0xd6d7b1ac982b9acd42e2950b5db0bd380ede617a46e4ace86043dc7d36d90183,False,0x87870bca3f3fd6335c3f4ce8392d69350b4fa4e2,0x6e93a55528041013f42fa05bc929e6f366b4e398,6,USD Coin,0xa0b86991c6218b36c1d19d4a2e9eb0ce3606eb48,0x6e93a55528041013f42fa05bc929e6f366b4e398
30,Repay,10.479187453351594,1626.92606459,16514382:152:0x3b503e0a480d4ba8af9895e6db90a1d6d6450b5a651840ddbb5b9c36d18e5a3d:444:444,1675018319,0x3b503e0a480d4ba8af9895e6db90a1d6d6450b5a651840ddbb5b9c36d18e5a3d,True,0x87870bca3f3fd6335c3f4ce8392d69350b4fa4e2,0xd7aa4bcc4d7939ad8a4bdf0aaf330caf8c23beab,18,Wrapped Ether,0xc02aaa39b223fe8d0a0e5c4f27ead9083c756cc2,0xd7aa4bcc4d7939ad8a4bdf0aaf330caf8c23beab
31,Repay,16.854127581394458,1615.71033327,16514074:83:0xe832437f91663deac04ebf9106d49bf79ff1953ee98830ce1ce4f0a3d826a7a6:184:184,1675014587,0xe832437f91663deac04ebf9106d49bf79ff1953ee98830ce1ce4f0a3d826a7a6,False,0x87870bca3f3fd6335c3f4ce8392d69350b4fa4e2,0x1809f186d680f239420b56948c58f8dbbcdf1e18,18,Wrapped Ether,0xc02aaa39b223fe8d0a0e5c4f27ead9083c756cc2,0xe30d11d8f97755ef528e5ff7a25296c528ee607a
32,Repay,4700.0,1.00048838,16513936:113:0x71cbe2f6269b09b55520d55f07b9ef6afc3611e957dad7673a05e5e9303bb198:249:249,1675012931,0x71cbe2f6269b09b55520d55f07b9ef6afc3611e957dad7673a05e5e9303bb198,False,0x87870bca3f3fd6335c3f4ce8392d69350b4fa4e2,0x4e925df00cf892d0d20bb7985f0ec5d0e1154b6e,18,Dai Stablecoin,0x6b175474e89094c44da98b954eedeac495271d0f,0x4e925df00cf892d0d20bb7985f0ec5d0e1154b6e
33,Repay,230.0,1.00020182,16513210:110:0x9049e648f1c935d9d60d6613e1006721315b41b309f17c7eb673c815b681e190:263:263,1675004159,0x9049e648f1c935d9d60d6613e1006721315b41b309f17c7eb673c815b681e190,False,0x87870bca3f3fd6335c3f4ce8392d69350b4fa4e2,0x1809f186d680f239420b56948c58f8dbbcdf1e18,6,USD Coin,0xa0b86991c6218b36c1d19d4a2e9eb0ce3606eb48,0xde03ffafa4a0de3572f2f7475b929196b3ef6ca7
34,Repay,10000.0,1.00020182,16511975:87:0x9d918bf45295b9e61d3600aa9930a423210142760f917d1e8f1c1b7c6dc4a121:146:146,1674989267,0x9d918bf45295b9e61d3600aa9930a423210142760f917d1e8f1c1b7c6dc4a121,False,0x87870bca3f3fd6335c3f4ce8392d69350b4fa4e2,0x495fc720b08f641d22f198605aee289518cdc747,6,USD Coin,0xa0b86991c6218b36c1d19d4a2e9eb0ce3606eb48,0x495fc720b08f641d22f198605aee289518cdc747
35,Repay,0.6500003180628741,1593.8,16510927:33:0x7932cf8551700fdd2f2fe3a2c962220cb69eeee127a712f1ee4e59f4f596f8f4:66:66,1674976583,0x7932cf8551700fdd2f2fe3a2c962220cb69eeee127a712f1ee4e59f4f596f8f4,False,0x87870bca3f3fd6335c3f4ce8392d69350b4fa4e2,0xd322a49006fc828f9b5b37ab215f99b4e5cab19c,18,Wrapped Ether,0xc02aaa39b223fe8d0a0e5c4f27ead9083c756cc2,0x7b28f41f16c58bcd52db383b4d365553c768c9e1
36,Repay,80000.126896,1.00003,16510090:53:0x34af5e99e927a0b3b05e1eedcd8b5199337b2fa675a9a3cec371a1586eb04c09:159:159,1674966467,0x34af5e99e927a0b3b05e1eedcd8b5199337b2fa675a9a3cec371a1586eb04c09,False,0x87870bca3f3fd6335c3f4ce8392d69350b4fa4e2,0x9db9de5b5eda179ce8e4d9e35119eb4b0c27327c,6,USD Coin,0xa0b86991c6218b36c1d19d4a2e9eb0ce3606eb48,0x9db9de5b5eda179ce8e4d9e35119eb4b0c27327c
37,Repay,0.1000001780409971,1594.105,16510032:40:0x612ed1026e155168d4cdfa8553a2d3ee6b738184267f572f34cf15d4dcfc896a:82:82,1674965771,0x612ed1026e155168d4cdfa8553a2d3ee6b738184267f572f34cf15d4dcfc896a,False,0x87870bca3f3fd6335c3f4ce8392d69350b4fa4e2,0xd322a49006fc828f9b5b37ab215f99b4e5cab19c,18,Wrapped Ether,0xc02aaa39b223fe8d0a0e5c4f27ead9083c756cc2,0x2f8b69465b7fe2df8cbb59c5930bd9967069350c
38,Repay,100002.447163,1.00003,16509309:50:0x9a1c37751b9084345916d38ff38501392434ee4114471690dc5fad5dfdeb6123:400:400,1674957059,0x9a1c37751b9084345916d38ff38501392434ee4114471690dc5fad5dfdeb6123,False,0x87870bca3f3fd6335c3f4ce8392d69350b4fa4e2,0x1d7c7b2419f03ae20454834ee3abd480d4cb9867,6,USD Coin,0xa0b86991c6218b36c1d19d4a2e9eb0ce3606eb48,0x1d7c7b2419f03ae20454834ee3abd480d4cb9867
39,Repay,1.7000012659964274,0.0,16506792:120:0x6a445ab1222c39d4e25270a605e476d34fcd23622a04fbd0a3421f542c4a43f7:446:446,1674926711,0x6a445ab1222c39d4e25270a605e476d34fcd23622a04fbd0a3421f542c4a43f7,False,0x87870bca3f3fd6335c3f4ce8392d69350b4fa4e2,0x247bc6556b5d14416332575ebc6a2e65d9db3109,18,Wrapped liquid staked Ether 2.0,0x7f39c581f595b53c5cb19bd0b3f8da6c935e2ca0,0x247bc6556b5d14416332575ebc6a2e65d9db3109
40,Repay,4.0,0.0,16506776:133:0x022af588c17ab6c5d6700e5ecc696487c7c7ee1ff238c953e5293aee7dcdfc0a:284:284,1674926519,0x022af588c17ab6c5d6700e5ecc696487c7c7ee1ff238c953e5293aee7dcdfc0a,False,0x87870bca3f3fd6335c3f4ce8392d69350b4fa4e2,0x247bc6556b5d14416332575ebc6a2e65d9db3109,18,Wrapped liquid staked Ether 2.0,0x7f39c581f595b53c5cb19bd0b3f8da6c935e2ca0,0x247bc6556b5d14416332575ebc6a2e65d9db3109
41,Repay,15.001771767941602,1577.61269757,16506775:64:0x4ca2d45c8de2718de518b13f178b9dedba1163aac02450b54c8b1f1cb089c414:128:128,1674926507,0x4ca2d45c8de2718de518b13f178b9dedba1163aac02450b54c8b1f1cb089c414,False,0x87870bca3f3fd6335c3f4ce8392d69350b4fa4e2,0xe3c1d31ee9de31f360bea993526bf52f2c75c59e,18,Wrapped Ether,0xc02aaa39b223fe8d0a0e5c4f27ead9083c756cc2,0xe3c1d31ee9de31f360bea993526bf52f2c75c59e
42,Repay,12600.0,1.00003,16505788:102:0x750d42186cab26d9320ffef96250dcf34d09522808e45b247a514e5f0417baaa:188:188,1674914615,0x750d42186cab26d9320ffef96250dcf34d09522808e45b247a514e5f0417baaa,False,0x87870bca3f3fd6335c3f4ce8392d69350b4fa4e2,0x79e6f16ac5a82c60b6fccc78c2aa0d8ad0100589,6,USD Coin,0xa0b86991c6218b36c1d19d4a2e9eb0ce3606eb48,0x79e6f16ac5a82c60b6fccc78c2aa0d8ad0100589
43,Repay,31472.120792,1.00003,16505772:218:0xa2b474f90c2ab4a394f3946ad198337d666ceee4e0d1e7b335ff23e017db0ab9:206:206,1674914423,0xa2b474f90c2ab4a394f3946ad198337d666ceee4e0d1e7b335ff23e017db0ab9,False,0x87870bca3f3fd6335c3f4ce8392d69350b4fa4e2,0x79e6f16ac5a82c60b6fccc78c2aa0d8ad0100589,6,USD Coin,0xa0b86991c6218b36c1d19d4a2e9eb0ce3606eb48,0x79e6f16ac5a82c60b6fccc78c2aa0d8ad0100589
44,Repay,20918.0,1.00003,16505757:100:0x6d90a842e2fc47337e22bbecec523f6631f3720e28a12b1c51490aa85c8a20f7:226:226,1674914243,0x6d90a842e2fc47337e22bbecec523f6631f3720e28a12b1c51490aa85c8a20f7,False,0x87870bca3f3fd6335c3f4ce8392d69350b4fa4e2,0x79e6f16ac5a82c60b6fccc78c2aa0d8ad0100589,6,USD Coin,0xa0b86991c6218b36c1d19d4a2e9eb0ce3606eb48,0x79e6f16ac5a82c60b6fccc78c2aa0d8ad0100589
45,Repay,1300.0,1.00003,16505554:57:0x341736333dd30e2852bdc36c8851d299df5a885adb1ed6c191d914fc1e5cd664:140:140,1674911795,0x341736333dd30e2852bdc36c8851d299df5a885adb1ed6c191d914fc1e5cd664,False,0x87870bca3f3fd6335c3f4ce8392d69350b4fa4e2,0x79e6f16ac5a82c60b6fccc78c2aa0d8ad0100589,6,USD Coin,0xa0b86991c6218b36c1d19d4a2e9eb0ce3606eb48,0x79e6f16ac5a82c60b6fccc78c2aa0d8ad0100589
46,Repay,8736.638752,1.00003,16505139:43:0x82c8f56f35662c02df6ffcc0e1346f7ca61d3e4d9fbc9188de9e90601e7be481:115:115,1674906755,0x82c8f56f35662c02df6ffcc0e1346f7ca61d3e4d9fbc9188de9e90601e7be481,False,0x87870bca3f3fd6335c3f4ce8392d69350b4fa4e2,0xa0eac5d90be5e6346b22895a207d49fbe9711447,6,USD Coin,0xa0b86991c6218b36c1d19d4a2e9eb0ce3606eb48,0xa0eac5d90be5e6346b22895a207d49fbe9711447
47,Repay,9.887581513672352,0.0,16504927:114:0x6be3393fc7b4e8aa37cd05c2ad2041fe5a4e3d4f339e46b0fa095dbae5f20484:242:242,1674904199,0x6be3393fc7b4e8aa37cd05c2ad2041fe5a4e3d4f339e46b0fa095dbae5f20484,False,0x87870bca3f3fd6335c3f4ce8392d69350b4fa4e2,0xdc2545c1bbca4dba3bcbd600c2fc7fa3ec41d163,18,Wrapped liquid staked Ether 2.0,0x7f39c581f595b53c5cb19bd0b3f8da6c935e2ca0,0xdc2545c1bbca4dba3bcbd600c2fc7fa3ec41d163
48,Repay,22.532783051292505,0.0,16504908:16:0xd33edbc97337ccd0940189371c1838d58c6a334f2961a8f3d67f30926f79a1d9:22:22,1674903971,0xd33edbc97337ccd0940189371c1838d58c6a334f2961a8f3d67f30926f79a1d9,False,0x87870bca3f3fd6335c3f4ce8392d69350b4fa4e2,0xdc2545c1bbca4dba3bcbd600c2fc7fa3ec41d163,18,Wrapped liquid staked Ether 2.0,0x7f39c581f595b53c5cb19bd0b3f8da6c935e2ca0,0xdc2545c1bbca4dba3bcbd600c2fc7fa3ec41d163
49,Repay,22.541307156792644,0.0,16504880:17:0xed86b11e46986ac34c90c19e3f789ba34b0dacffc234a6e41f97837d18d75d50:42:42,1674903635,0xed86b11e46986ac34c90c19e3f789ba34b0dacffc234a6e41f97837d18d75d50,False,0x87870bca3f3fd6335c3f4ce8392d69350b4fa4e2,0xdc2545c1bbca4dba3bcbd600c2fc7fa3ec41d163,18,Wrapped liquid staked Ether 2.0,0x7f39c581f595b53c5cb19bd0b3f8da6c935e2ca0,0xdc2545c1bbca4dba3bcbd600c2fc7fa3ec41d163
50,Repay,22.49815718372412,0.0,16504866:82:0x956650cc2f980aa4dcfb40061b872525171e03d61cd476228b80354026496619:237:237,1674903467,0x956650cc2f980aa4dcfb40061b872525171e03d61cd476228b80354026496619,False,0x87870bca3f3fd6335c3f4ce8392d69350b4fa4e2,0xdc2545c1bbca4dba3bcbd600c2fc7fa3ec41d163,18,Wrapped liquid staked Ether 2.0,0x7f39c581f595b53c5cb19bd0b3f8da6c935e2ca0,0xdc2545c1bbca4dba3bcbd600c2fc7fa3ec41d163
51,Repay,22.54209863638491,0.0,16504844:58:0x96b3aa881468dafae170b945063148d0fd9fc875289abbee3222040a91fea1f6:131:131,1674903203,0x96b3aa881468dafae170b945063148d0fd9fc875289abbee3222040a91fea1f6,False,0x87870bca3f3fd6335c3f4ce8392d69350b4fa4e2,0xdc2545c1bbca4dba3bcbd600c2fc7fa3ec41d163,18,Wrapped liquid staked Ether 2.0,0x7f39c581f595b53c5cb19bd0b3f8da6c935e2ca0,0xdc2545c1bbca4dba3bcbd600c2fc7fa3ec41d163
52,Repay,1024.0,1589.6804,16503941:90:0xc9c180c70f2b501270c19166aa4b3ff63e71bdde2b926f91bf644f989218a80f:224:224,1674892355,0xc9c180c70f2b501270c19166aa4b3ff63e71bdde2b926f91bf644f989218a80f,False,0x87870bca3f3fd6335c3f4ce8392d69350b4fa4e2,0xd322a49006fc828f9b5b37ab215f99b4e5cab19c,18,Wrapped Ether,0xc02aaa39b223fe8d0a0e5c4f27ead9083c756cc2,0xb8465f2ab8e1c416a1ca54ddd3207346f0d77fab
53,Repay,1.1437907380526e-05,0.0,16503870:85:0xd636a06782b879cd6a5ad5903c1855ade75bdd18f55265dc22e9cf0e61c9476e:164:164,1674891503,0xd636a06782b879cd6a5ad5903c1855ade75bdd18f55265dc22e9cf0e61c9476e,False,0x87870bca3f3fd6335c3f4ce8392d69350b4fa4e2,0x0f74008151040141b50d44068f9004ef71327dcd,18,Wrapped liquid staked Ether 2.0,0x7f39c581f595b53c5cb19bd0b3f8da6c935e2ca0,0x0f74008151040141b50d44068f9004ef71327dcd
54,Repay,0.2499885996040635,0.0,16503852:84:0x02461db0cde92c006d9aa0ef8640c0e2aea320f5cbffa30508d4a1bcb2a6850f:154:154,1674891287,0x02461db0cde92c006d9aa0ef8640c0e2aea320f5cbffa30508d4a1bcb2a6850f,False,0x87870bca3f3fd6335c3f4ce8392d69350b4fa4e2,0x0f74008151040141b50d44068f9004ef71327dcd,18,Wrapped liquid staked Ether 2.0,0x7f39c581f595b53c5cb19bd0b3f8da6c935e2ca0,0x0f74008151040141b50d44068f9004ef71327dcd
55,Repay,7.000000311226676,0.0,16502778:43:0x5fd339bb3c0914a65598c9a5a5e411bf80e2cb6b9822cd93e98e9f42aaf54d75:274:274,1674878339,0x5fd339bb3c0914a65598c9a5a5e411bf80e2cb6b9822cd93e98e9f42aaf54d75,False,0x87870bca3f3fd6335c3f4ce8392d69350b4fa4e2,0xc2890e5308c4bc494c48014d23ecff7435d1e153,18,Wrapped liquid staked Ether 2.0,0x7f39c581f595b53c5cb19bd0b3f8da6c935e2ca0,0xc2890e5308c4bc494c48014d23ecff7435d1e153
56,Repay,30000.0,0.99995424,16502006:83:0xf1a2cc8ddc3846f93151df903fe63a6603909b468b918185f9b4a6adf0e02e21:325:325,1674869051,0xf1a2cc8ddc3846f93151df903fe63a6603909b468b918185f9b4a6adf0e02e21,False,0x87870bca3f3fd6335c3f4ce8392d69350b4fa4e2,0x1809f186d680f239420b56948c58f8dbbcdf1e18,6,USD Coin,0xa0b86991c6218b36c1d19d4a2e9eb0ce3606eb48,0x6cd71d6cb7824add7c277f2ca99635d98f8b9248
57,Repay,32641.053415,0.99995424,16501999:1:0x612b1597077df980c7e2fc723c19c926a3081628ece3bfb0d8bf969799942eee:49:49,1674868967,0x612b1597077df980c7e2fc723c19c926a3081628ece3bfb0d8bf969799942eee,False,0x87870bca3f3fd6335c3f4ce8392d69350b4fa4e2,0x1809f186d680f239420b56948c58f8dbbcdf1e18,6,USD Coin,0xa0b86991c6218b36c1d19d4a2e9eb0ce3606eb48,0x6cd71d6cb7824add7c277f2ca99635d98f8b9248
58,Repay,305.9134271847029,0.0,16501939:131:0x05d6cf321e6463cbc169b3aadd6fd85494fb8418c96f9cdbacad5a2ad0e9ddf0:345:345,1674868247,0x05d6cf321e6463cbc169b3aadd6fd85494fb8418c96f9cdbacad5a2ad0e9ddf0,True,0x87870bca3f3fd6335c3f4ce8392d69350b4fa4e2,0x21e9f6af91bd687a4856a7dbe4d7f59e9be275f2,18,Wrapped liquid staked Ether 2.0,0x7f39c581f595b53c5cb19bd0b3f8da6c935e2ca0,0x21e9f6af91bd687a4856a7dbe4d7f59e9be275f2
59,Repay,200.002176,0.99995424,16501088:104:0x1b20338b3cbaa8ac41dab0a705b38635e86b03e2531b4492a6ec16f8c919a2db:316:316,1674857975,0x1b20338b3cbaa8ac41dab0a705b38635e86b03e2531b4492a6ec16f8c919a2db,False,0x87870bca3f3fd6335c3f4ce8392d69350b4fa4e2,0xe41a2b194f15aaae7500421ecb71e39c5be26bfd,6,USD Coin,0xa0b86991c6218b36c1d19d4a2e9eb0ce3606eb48,0xe41a2b194f15aaae7500421ecb71e39c5be26bfd
60,Repay,2300.0,0.99995424,16501037:73:0xa753bed254636a6e0b738d41db200f96fdd7fa659338ed07b6f9d6f91d64a128:237:237,1674857363,0xa753bed254636a6e0b738d41db200f96fdd7fa659338ed07b6f9d6f91d64a128,False,0x87870bca3f3fd6335c3f4ce8392d69350b4fa4e2,0xe41a2b194f15aaae7500421ecb71e39c5be26bfd,6,USD Coin,0xa0b86991c6218b36c1d19d4a2e9eb0ce3606eb48,0xe41a2b194f15aaae7500421ecb71e39c5be26bfd
61,Repay,0.5000124569650841,1610.55202,16500475:75:0x7697c23858f81e7e713d3ef719f449e273196153a63812c18fa3850dd97f3466:164:164,1674850571,0x7697c23858f81e7e713d3ef719f449e273196153a63812c18fa3850dd97f3466,False,0x87870bca3f3fd6335c3f4ce8392d69350b4fa4e2,0xd322a49006fc828f9b5b37ab215f99b4e5cab19c,18,Wrapped Ether,0xc02aaa39b223fe8d0a0e5c4f27ead9083c756cc2,0xbaae6bb4c6d4246f75e9d5eb1a1890203a09218a
62,Repay,21338.0,0.99995424,16499601:113:0x522ced9e93a21a5aa4c33272ec884a08e2b3896ded8709d8ca6725e0be374c3a:209:209,1674840011,0x522ced9e93a21a5aa4c33272ec884a08e2b3896ded8709d8ca6725e0be374c3a,False,0x87870bca3f3fd6335c3f4ce8392d69350b4fa4e2,0x523b27014b865c4d8f3dac9c6e3b1bad13d22b87,6,USD Coin,0xa0b86991c6218b36c1d19d4a2e9eb0ce3606eb48,0x523b27014b865c4d8f3dac9c6e3b1bad13d22b87
63,Repay,151287.99721053956,1.00083423,16499078:66:0x452d46307509e03de38ac4744df5dac13c3684351d7d1e3bc814635bdc783588:85:85,1674833687,0x452d46307509e03de38ac4744df5dac13c3684351d7d1e3bc814635bdc783588,False,0x87870bca3f3fd6335c3f4ce8392d69350b4fa4e2,0x523b27014b865c4d8f3dac9c6e3b1bad13d22b87,18,Dai Stablecoin,0x6b175474e89094c44da98b954eedeac495271d0f,0x523b27014b865c4d8f3dac9c6e3b1bad13d22b87
64,Repay,14.0,0.0,16498792:98:0xa4ee92400377ca7197961c1d5dc6b6738b9474d809206dddbd820641379d3bbc:193:193,1674830243,0xa4ee92400377ca7197961c1d5dc6b6738b9474d809206dddbd820641379d3bbc,True,0x87870bca3f3fd6335c3f4ce8392d69350b4fa4e2,0x21e9f6af91bd687a4856a7dbe4d7f59e9be275f2,18,Wrapped liquid staked Ether 2.0,0x7f39c581f595b53c5cb19bd0b3f8da6c935e2ca0,0x21e9f6af91bd687a4856a7dbe4d7f59e9be275f2
65,Repay,1304.563509,0.99995424,16498791:157:0x0fac808d5256ad3d320305d25e963f7f3d1b9dde9f1efbcf050ed02a297322a9:233:233,1674830231,0x0fac808d5256ad3d320305d25e963f7f3d1b9dde9f1efbcf050ed02a297322a9,False,0x87870bca3f3fd6335c3f4ce8392d69350b4fa4e2,0x391a5d025b8d9d7033cddad1db516c8324f56c53,6,USD Coin,0xa0b86991c6218b36c1d19d4a2e9eb0ce3606eb48,0x391a5d025b8d9d7033cddad1db516c8324f56c53
66,Repay,129.8272392693475,0.0,16498775:61:0x7ec1521d19afcf5d6eee0e87e7f69322dbd54d928c4255e09443c8beddbbd8e3:127:127,1674830039,0x7ec1521d19afcf5d6eee0e87e7f69322dbd54d928c4255e09443c8beddbbd8e3,False,0x87870bca3f3fd6335c3f4ce8392d69350b4fa4e2,0x21e9f6af91bd687a4856a7dbe4d7f59e9be275f2,18,Wrapped liquid staked Ether 2.0,0x7f39c581f595b53c5cb19bd0b3f8da6c935e2ca0,0x6cd71d6cb7824add7c277f2ca99635d98f8b9248
67,Repay,3290.0,0.99995424,16497729:107:0xbe277be2a78edaf4677cc0ba61ef0d3585f2c82359b882ce9982455e120683f4:258:258,1674817403,0xbe277be2a78edaf4677cc0ba61ef0d3585f2c82359b882ce9982455e120683f4,False,0x87870bca3f3fd6335c3f4ce8392d69350b4fa4e2,0x5ccd3d48e4fd0f2f0fd717b7c7f1f721cdfc3802,6,USD Coin,0xa0b86991c6218b36c1d19d4a2e9eb0ce3606eb48,0x5ccd3d48e4fd0f2f0fd717b7c7f1f721cdfc3802
68,Repay,0.0411007499840955,1581.1388,16497341:89:0x7aec127da01def3326404f56896a5b6d57d8ce45519cd5ed042f0ac55820ceb2:939:939,1674812735,0x7aec127da01def3326404f56896a5b6d57d8ce45519cd5ed042f0ac55820ceb2,False,0x87870bca3f3fd6335c3f4ce8392d69350b4fa4e2,0xd322a49006fc828f9b5b37ab215f99b4e5cab19c,18,Wrapped Ether,0xc02aaa39b223fe8d0a0e5c4f27ead9083c756cc2,0x5115563fe64378f3a645c97e24c4c8d640a04c67
