,action,amount,assetPriceUSD,id,timestamp,txHash,pool,reserve_decimals,reserve_name,underlying_asset,to_id,user_id
0,RedeemUnderlying,0.5,1596.0,16529950:168:0x39c89a8f2e388cb1fcc254367182af3df6210a2a2f76af7eb1f13bf7d511b1d1:355:355,1675206035,0x39c89a8f2e388cb1fcc254367182af3df6210a2a2f76af7eb1f13bf7d511b1d1,0x87870bca3f3fd6335c3f4ce8392d69350b4fa4e2,18,Wrapped Ether,0xc02aaa39b223fe8d0a0e5c4f27ead9083c756cc2,0x0df5d646dee223a87d55b6dca210947d1745fc89,0x0df5d646dee223a87d55b6dca210947d1745fc89
1,RedeemUnderlying,179990.0,1.0002872,16529464:132:0x38f2ac072dc129320061f7e2aaadb6107073c9c896e6766d5959343ef298fdb4:308:308,1675200119,0x38f2ac072dc129320061f7e2aaadb6107073c9c896e6766d5959343ef298fdb4,0x87870bca3f3fd6335c3f4ce8392d69350b4fa4e2,6,USD Coin,0xa0b86991c6218b36c1d19d4a2e9eb0ce3606eb48,0xc5c758ca460ca1485ff199bef353d0ec5c483867,0xc5c758ca460ca1485ff199bef353d0ec5c483867
2,RedeemUnderlying,85000.045677,1.0002872,16529345:73:0xdc7162f1af6979aee8a91051679f2fd889820d979ba59e4a45152e02c212d236:172:172,1675198679,0xdc7162f1af6979aee8a91051679f2fd889820d979ba59e4a45152e02c212d236,0x87870bca3f3fd6335c3f4ce8392d69350b4fa4e2,6,USD Coin,0xa0b86991c6218b36c1d19d4a2e9eb0ce3606eb48,0x7b92a37fed8daf82aa2cd04810e7d6c13b5e8e64,0x7b92a37fed8daf82aa2cd04810e7d6c13b5e8e64
3,RedeemUnderlying,187121.284749,1.0002872,16528628:24:0x24936d970d8cadbf31a8bb87a09a797002e0eabd481349b5a3d9d8806cdf967f:59:59,1675190063,0x24936d970d8cadbf31a8bb87a09a797002e0eabd481349b5a3d9d8806cdf967f,0x87870bca3f3fd6335c3f4ce8392d69350b4fa4e2,6,USD Coin,0xa0b86991c6218b36c1d19d4a2e9eb0ce3606eb48,0x14ff0bc9417b6796f79768729002a793b51205b8,0x14ff0bc9417b6796f79768729002a793b51205b8
4,RedeemUnderlying,1.4245441437411424,1593.768105,16528399:40:0xfe8fbded7cfcbfa72ddb137917955d6fb65c7f0f9e59a22c9e7bc5ab5a2d9eae:85:85,1675187279,0xfe8fbded7cfcbfa72ddb137917955d6fb65c7f0f9e59a22c9e7bc5ab5a2d9eae,0x87870bca3f3fd6335c3f4ce8392d69350b4fa4e2,18,Wrapped Ether,0xc02aaa39b223fe8d0a0e5c4f27ead9083c756cc2,0x872fbcb1b582e8cd0d0dd4327fbfa0b4c2730995,0x872fbcb1b582e8cd0d0dd4327fbfa0b4c2730995
5,RedeemUnderlying,843.9313939637415,82.55,16528249:107:0x820d8a5e991b25eb8d90aba082965a633cdceebe015cd919962c003baf1d0d87:221:221,1675185479,0x820d8a5e991b25eb8d90aba082965a633cdceebe015cd919962c003baf1d0d87,0x87870bca3f3fd6335c3f4ce8392d69350b4fa4e2,18,Aave Token,0x7fc66500c84a76ad7e9c93437bfc5ac33e2ddae9,0x872fbcb1b582e8cd0d0dd4327fbfa0b4c2730995,0x872fbcb1b582e8cd0d0dd4327fbfa0b4c2730995
6,RedeemUnderlying,1.25,1592.25,16528119:53:0x8bb5446bd2867eacdb2bd45e81f1127f51711805f8d9ac0d6d52daedb6194fc5:129:129,1675183919,0x8bb5446bd2867eacdb2bd45e81f1127f51711805f8d9ac0d6d52daedb6194fc5,0x87870bca3f3fd6335c3f4ce8392d69350b4fa4e2,18,Wrapped Ether,0xc02aaa39b223fe8d0a0e5c4f27ead9083c756cc2,0xd322a49006fc828f9b5b37ab215f99b4e5cab19c,0xd322a49006fc828f9b5b37ab215f99b4e5cab19c
7,RedeemUnderlying,0.55801099,0.0,16527691:49:0xfd03558297a261ed9fbd35e32b28fb20da46e21edd19e0e67c2a10a0b5cce83e:85:85,1675178771,0xfd03558297a261ed9fbd35e32b28fb20da46e21edd19e0e67c2a10a0b5cce83e,0x87870bca3f3fd6335c3f4ce8392d69350b4fa4e2,8,Wrapped BTC,0x2260fac5e5542a773aa44fbcfedf7c193bc2c599,0x46da77462b6ac110773d7e546edf11e2f54cceef,0x6b64e10a049c65f68236472c3592516bc969685f
8,RedeemUnderlying,0.03317,0.0,16527546:118:0x0eb75d3f8a8f7e70ab2b66eb9ef3ecce5f02f5d444f4a136a96fc7b221e04a0a:230:230,1675177031,0x0eb75d3f8a8f7e70ab2b66eb9ef3ecce5f02f5d444f4a136a96fc7b221e04a0a,0x87870bca3f3fd6335c3f4ce8392d69350b4fa4e2,8,Wrapped BTC,0x2260fac5e5542a773aa44fbcfedf7c193bc2c599,0x9a85bd8bd893b4e9c8eaba833be24b0c09dc6e14,0x9a85bd8bd893b4e9c8eaba833be24b0c09dc6e14
9,RedeemUnderlying,0.1000007798623491,1585.44,16527430:91:0xf2d642d4991a444ef038557d5785d813fe2bbb3b8d4176ce9993f8d8978e1f8f:219:219,1675175639,0xf2d642d4991a444ef038557d5785d813fe2bbb3b8d4176ce9993f8d8978e1f8f,0x87870bca3f3fd6335c3f4ce8392d69350b4fa4e2,18,Wrapped Ether,0xc02aaa39b223fe8d0a0e5c4f27ead9083c756cc2,0xd322a49006fc828f9b5b37ab215f99b4e5cab19c,0xd322a49006fc828f9b5b37ab215f99b4e5cab19c
10,RedeemUnderlying,2.0278029299309264,0.0,16527287:107:0x19a05f3ed4053e2743cba8b8e439742d4e9571eb96cbc35d846ba1deb0a1926f:181:181,1675173911,0x19a05f3ed4053e2743cba8b8e439742d4e9571eb96cbc35d846ba1deb0a1926f,0x87870bca3f3fd6335c3f4ce8392d69350b4fa4e2,18,Wrapped liquid staked Ether 2.0,0x7f39c581f595b53c5cb19bd0b3f8da6c935e2ca0,0xf76447312755e90b829e119f3201d16ed73c5145,0xf76447312755e90b829e119f3201d16ed73c5145
11,RedeemUnderlying,0.9223219699068196,0.0,16527195:125:0x6e503026f4ce6f75cb05edb92735cd93c74a9cb46249cabdbacc63c5a813cc5e:297:297,1675172807,0x6e503026f4ce6f75cb05edb92735cd93c74a9cb46249cabdbacc63c5a813cc5e,0x87870bca3f3fd6335c3f4ce8392d69350b4fa4e2,18,Wrapped liquid staked Ether 2.0,0x7f39c581f595b53c5cb19bd0b3f8da6c935e2ca0,0x1809f186d680f239420b56948c58f8dbbcdf1e18,0x1809f186d680f239420b56948c58f8dbbcdf1e18
12,RedeemUnderlying,229.61327279019136,81.1453308,16526781:123:0x2595f049f25248b6024c3df7d482b5eb3479f2f0ae902e3cffe6a590fa30497f:285:285,1675167791,0x2595f049f25248b6024c3df7d482b5eb3479f2f0ae902e3cffe6a590fa30497f,0x87870bca3f3fd6335c3f4ce8392d69350b4fa4e2,18,Aave Token,0x7fc66500c84a76ad7e9c93437bfc5ac33e2ddae9,0x252f3d8e0aa1ee58e299700ea6dcc3f4e924586e,0x252f3d8e0aa1ee58e299700ea6dcc3f4e924586e
13,RedeemUnderlying,1.5,1571.65107288,16526764:181:0xb7564d69384bc73c8684a3c3f54506f8a519af26f4c1d21a2b2413490741b29a:511:511,1675167587,0xb7564d69384bc73c8684a3c3f54506f8a519af26f4c1d21a2b2413490741b29a,0x87870bca3f3fd6335c3f4ce8392d69350b4fa4e2,18,Wrapped Ether,0xc02aaa39b223fe8d0a0e5c4f27ead9083c756cc2,0xd322a49006fc828f9b5b37ab215f99b4e5cab19c,0xd322a49006fc828f9b5b37ab215f99b4e5cab19c
14,RedeemUnderlying,1.0,1571.65107288,16526730:111:0x9dc344d9231557ed047d404dd5fe65240e556455e3fea9dc35152febf1039f0b:296:296,1675167179,0x9dc344d9231557ed047d404dd5fe65240e556455e3fea9dc35152febf1039f0b,0x87870bca3f3fd6335c3f4ce8392d69350b4fa4e2,18,Wrapped Ether,0xc02aaa39b223fe8d0a0e5c4f27ead9083c756cc2,0xd322a49006fc828f9b5b37ab215f99b4e5cab19c,0xd322a49006fc828f9b5b37ab215f99b4e5cab19c
15,RedeemUnderlying,101506.135778,1.0002872,16526513:69:0x49070133177330f8564e7f1952eab459cca26c1fe5674cb26533804b6514dad9:266:266,1675164563,0x49070133177330f8564e7f1952eab459cca26c1fe5674cb26533804b6514dad9,0x87870bca3f3fd6335c3f4ce8392d69350b4fa4e2,6,USD Coin,0xa0b86991c6218b36c1d19d4a2e9eb0ce3606eb48,0xc33a200a381913842cd17718071c6d8820cee156,0xc33a200a381913842cd17718071c6d8820cee156
16,RedeemUnderlying,1.8001520244093263,1569.22065,16526508:34:0x5305c69bb44b9faaeddf80f31bd847120fd83bf74d0f16ee92279018c495ba00:56:56,1675164503,0x5305c69bb44b9faaeddf80f31bd847120fd83bf74d0f16ee92279018c495ba00,0x87870bca3f3fd6335c3f4ce8392d69350b4fa4e2,18,Wrapped Ether,0xc02aaa39b223fe8d0a0e5c4f27ead9083c756cc2,0xd322a49006fc828f9b5b37ab215f99b4e5cab19c,0xd322a49006fc828f9b5b37ab215f99b4e5cab19c
17,RedeemUnderlying,10000.0,1.0002872,16526505:90:0xf2dbac9290c7f9cf076ddabdb20716e607c2aa1f1f19f51f93ac071558675073:237:237,1675164467,0xf2dbac9290c7f9cf076ddabdb20716e607c2aa1f1f19f51f93ac071558675073,0x87870bca3f3fd6335c3f4ce8392d69350b4fa4e2,6,USD Coin,0xa0b86991c6218b36c1d19d4a2e9eb0ce3606eb48,0xc33a200a381913842cd17718071c6d8820cee156,0xc33a200a381913842cd17718071c6d8820cee156
18,RedeemUnderlying,4.89548869,0.0,16526498:87:0x57da7a03208add2b9973e4cd2cf9ad8cc6eac296b432d5122f75570147ed327d:161:161,1675164383,0x57da7a03208add2b9973e4cd2cf9ad8cc6eac296b432d5122f75570147ed327d,0x87870bca3f3fd6335c3f4ce8392d69350b4fa4e2,8,Wrapped BTC,0x2260fac5e5542a773aa44fbcfedf7c193bc2c599,0x872fbcb1b582e8cd0d0dd4327fbfa0b4c2730995,0x872fbcb1b582e8cd0d0dd4327fbfa0b4c2730995
19,RedeemUnderlying,200.0,1578.67800812,16525451:171:0x9eb1973ad29389df68946672e25ced0ea23d6c6130f845d7b393249c880a8870:650:650,1675151747,0x9eb1973ad29389df68946672e25ced0ea23d6c6130f845d7b393249c880a8870,0x87870bca3f3fd6335c3f4ce8392d69350b4fa4e2,18,Wrapped Ether,0xc02aaa39b223fe8d0a0e5c4f27ead9083c756cc2,0x2b5f81da21bb189e0b8e0584e29d41faa7c7dfc0,0x2b5f81da21bb189e0b8e0584e29d41faa7c7dfc0
20,RedeemUnderlying,35.809675192208985,1566.67873829,16525094:52:0xe8e537cfa99a7f8cc58c0120250ce418b290b53530685c38b1133ad63edfcbf4:129:129,1675147439,0xe8e537cfa99a7f8cc58c0120250ce418b290b53530685c38b1133ad63edfcbf4,0x87870bca3f3fd6335c3f4ce8392d69350b4fa4e2,18,Wrapped Ether,0xc02aaa39b223fe8d0a0e5c4f27ead9083c756cc2,0x872fbcb1b582e8cd0d0dd4327fbfa0b4c2730995,0x872fbcb1b582e8cd0d0dd4327fbfa0b4c2730995
21,RedeemUnderlying,349.11760605652967,1566.67873829,16524977:55:0x08cd46a197b36b7670b5bae6331999f7ec3bd4e61475dce62d34783dc4146f56:98:98,1675146023,0x08cd46a197b36b7670b5bae6331999f7ec3bd4e61475dce62d34783dc4146f56,0x87870bca3f3fd6335c3f4ce8392d69350b4fa4e2,18,Wrapped Ether,0xc02aaa39b223fe8d0a0e5c4f27ead9083c756cc2,0xd322a49006fc828f9b5b37ab215f99b4e5cab19c,0xd322a49006fc828f9b5b37ab215f99b4e5cab19c
22,RedeemUnderlying,0.0300000005526661,0.0,16524955:26:0x82fba51545c2509fedc1e2b95d34606a3594eb88e37c9bc578f274d4d2db29d8:73:73,1675145759,0x82fba51545c2509fedc1e2b95d34606a3594eb88e37c9bc578f274d4d2db29d8,0x87870bca3f3fd6335c3f4ce8392d69350b4fa4e2,18,Wrapped liquid staked Ether 2.0,0x7f39c581f595b53c5cb19bd0b3f8da6c935e2ca0,0x5094725e368ffee3e88f9ddc44545ec12bc4c020,0x5094725e368ffee3e88f9ddc44545ec12bc4c020
23,RedeemUnderlying,36.9,1570.76,16523630:17:0x7929f8751a58fa82c54e82d3911091b963761373f7747af1854f5c8109516e44:141:141,1675129787,0x7929f8751a58fa82c54e82d3911091b963761373f7747af1854f5c8109516e44,0x87870bca3f3fd6335c3f4ce8392d69350b4fa4e2,18,Wrapped Ether,0xc02aaa39b223fe8d0a0e5c4f27ead9083c756cc2,0xd322a49006fc828f9b5b37ab215f99b4e5cab19c,0xd322a49006fc828f9b5b37ab215f99b4e5cab19c
24,RedeemUnderlying,24.52466507,6.94509238,16523580:66:0x30db7e804826335cd99c6f2d3e91542b5f8395dce3fe00f0210bd32643372e70:156:156,1675129187,0x30db7e804826335cd99c6f2d3e91542b5f8395dce3fe00f0210bd32643372e70,0x87870bca3f3fd6335c3f4ce8392d69350b4fa4e2,18,ChainLink Token,0x514910771af9ca656af840dff83e8264ecf986ca,0x41485d6e8b02fe7d48810a3c55efb5dde5c8b106,0x41485d6e8b02fe7d48810a3c55efb5dde5c8b106
25,RedeemUnderlying,3.31,0.0,16523322:185:0x0aa954c8856577f6931eeb1bc12231e4a68f2e0a1483ba9cedeffe71a5f0a88d:903:903,1675126067,0x0aa954c8856577f6931eeb1bc12231e4a68f2e0a1483ba9cedeffe71a5f0a88d,0x87870bca3f3fd6335c3f4ce8392d69350b4fa4e2,18,Wrapped liquid staked Ether 2.0,0x7f39c581f595b53c5cb19bd0b3f8da6c935e2ca0,0x5bec16078aa490194f1fcdabc3cff760a45c20bc,0x5bec16078aa490194f1fcdabc3cff760a45c20bc
26,RedeemUnderlying,1365046.29853,0.99994455,16522449:133:0x17f1ee68cd350973ee557e41b9c0aa0ec68ab48de052afd50a6eba7b9b55a2ad:243:243,1675115567,0x17f1ee68cd350973ee557e41b9c0aa0ec68ab48de052afd50a6eba7b9b55a2ad,0x87870bca3f3fd6335c3f4ce8392d69350b4fa4e2,6,USD Coin,0xa0b86991c6218b36c1d19d4a2e9eb0ce3606eb48,0x889502cab866389d64063542d14edff744dea857,0x889502cab866389d64063542d14edff744dea857
27,RedeemUnderlying,100000.0,0.99994455,16521726:280:0xbb15a5a27241c1e4825c026505f688f7132df583d3a5cf86867be627361dfcc5:723:723,1675106843,0xbb15a5a27241c1e4825c026505f688f7132df583d3a5cf86867be627361dfcc5,0x87870bca3f3fd6335c3f4ce8392d69350b4fa4e2,6,USD Coin,0xa0b86991c6218b36c1d19d4a2e9eb0ce3606eb48,0x5e828ff60fe3871f9f156ff46eb351ed5a17abb3,0x5e828ff60fe3871f9f156ff46eb351ed5a17abb3
28,RedeemUnderlying,1.01,1580.34,16521110:162:0xcfaa0374c89d1977ac9c6bdb35dc544979d9320453e2ce12a4f2c83318888417:296:296,1675099415,0xcfaa0374c89d1977ac9c6bdb35dc544979d9320453e2ce12a4f2c83318888417,0x87870bca3f3fd6335c3f4ce8392d69350b4fa4e2,18,Wrapped Ether,0xc02aaa39b223fe8d0a0e5c4f27ead9083c756cc2,0xd322a49006fc828f9b5b37ab215f99b4e5cab19c,0xd322a49006fc828f9b5b37ab215f99b4e5cab19c
29,RedeemUnderlying,198924.85240911145,0.99951573,16520890:98:0x1ebd3371a650d5e98d2237448fe6b3f9f5c667eb48c3660da49c6ea0ce42ed28:215:215,1675096751,0x1ebd3371a650d5e98d2237448fe6b3f9f5c667eb48c3660da49c6ea0ce42ed28,0x87870bca3f3fd6335c3f4ce8392d69350b4fa4e2,18,Dai Stablecoin,0x6b175474e89094c44da98b954eedeac495271d0f,0xc461905112de6e8d602edc58d5499d6f7cb11482,0xc461905112de6e8d602edc58d5499d6f7cb11482
30,RedeemUnderlying,2.5322469,0.0,16520588:123:0xf639f3fb4af46efebcb5855d39112f33559a51d12320ed49e39146645ef6677a:230:230,1675093127,0xf639f3fb4af46efebcb5855d39112f33559a51d12320ed49e39146645ef6677a,0x87870bca3f3fd6335c3f4ce8392d69350b4fa4e2,8,Wrapped BTC,0x2260fac5e5542a773aa44fbcfedf7c193bc2c599,0xc33a200a381913842cd17718071c6d8820cee156,0xc33a200a381913842cd17718071c6d8820cee156
31,RedeemUnderlying,0.3,1578.08826115,16520214:21:0xfe4e3586f374a027a9059c53efa5446ce6cf7f4fcabf0cc6d3330232d6bfd3f8:65:65,1675088603,0xfe4e3586f374a027a9059c53efa5446ce6cf7f4fcabf0cc6d3330232d6bfd3f8,0x87870bca3f3fd6335c3f4ce8392d69350b4fa4e2,18,Wrapped Ether,0xc02aaa39b223fe8d0a0e5c4f27ead9083c756cc2,0xd322a49006fc828f9b5b37ab215f99b4e5cab19c,0xd322a49006fc828f9b5b37ab215f99b4e5cab19c
32,RedeemUnderlying,83.90506449389788,1.00027268,16520076:76:0xc9da59f154be53286b3e947343036053ee162038e76c193e52f2b533f08edb9e:153:153,1675086947,0xc9da59f154be53286b3e947343036053ee162038e76c193e52f2b533f08edb9e,0x87870bca3f3fd6335c3f4ce8392d69350b4fa4e2,18,Dai Stablecoin,0x6b175474e89094c44da98b954eedeac495271d0f,0x1144ec667824e39689ce089ad8d81f94875d9a64,0x1144ec667824e39689ce089ad8d81f94875d9a64
33,RedeemUnderlying,130.92078456082933,1.00027268,16520070:94:0x2647e5fb9c87f63dded29f14791a9c401b5d9f6a48e114967dde7c7cb34c5609:241:241,1675086875,0x2647e5fb9c87f63dded29f14791a9c401b5d9f6a48e114967dde7c7cb34c5609,0x87870bca3f3fd6335c3f4ce8392d69350b4fa4e2,18,Dai Stablecoin,0x6b175474e89094c44da98b954eedeac495271d0f,0x1809f186d680f239420b56948c58f8dbbcdf1e18,0x1809f186d680f239420b56948c58f8dbbcdf1e18
34,RedeemUnderlying,16.566305567580265,82.07434798,16519977:60:0xc0c63fbb5d6f162b2e5d281c591f14c15f6361f82ecc5d9e1539481a6c7f2ed5:55:55,1675085747,0xc0c63fbb5d6f162b2e5d281c591f14c15f6361f82ecc5d9e1539481a6c7f2ed5,0x87870bca3f3fd6335c3f4ce8392d69350b4fa4e2,18,Aave Token,0x7fc66500c84a76ad7e9c93437bfc5ac33e2ddae9,0x4677c06757a2059c7b750fd5b59c2e65bf1851b3,0x4677c06757a2059c7b750fd5b59c2e65bf1851b3
35,RedeemUnderlying,50.0,1576.55044387,16519818:60:0x88cd5271d4640fabc59b3065f0feaeeb79d87cbd4d0298bf643427fcd4625cca:171:171,1675083839,0x88cd5271d4640fabc59b3065f0feaeeb79d87cbd4d0298bf643427fcd4625cca,0x87870bca3f3fd6335c3f4ce8392d69350b4fa4e2,18,Wrapped Ether,0xc02aaa39b223fe8d0a0e5c4f27ead9083c756cc2,0xd322a49006fc828f9b5b37ab215f99b4e5cab19c,0xd322a49006fc828f9b5b37ab215f99b4e5cab19c
36,RedeemUnderlying,1200043.337652,0.99994455,16519342:100:0x855f298d61352c06a8673d027be57f88f021c269038fef57f1e7ef349e191d78:135:135,1675078103,0x855f298d61352c06a8673d027be57f88f021c269038fef57f1e7ef349e191d78,0x87870bca3f3fd6335c3f4ce8392d69350b4fa4e2,6,USD Coin,0xa0b86991c6218b36c1d19d4a2e9eb0ce3606eb48,0xe18a59a244e6137851ca8b0ecf57456183120907,0xe18a59a244e6137851ca8b0ecf57456183120907
37,RedeemUnderlying,169980.0,0.99994455,16519141:43:0x8fff2120c2b9c4a2a4d2a52ebed706c8c313cdf1f0932fdb8afd8ed01f9b5e26:112:112,1675075679,0x8fff2120c2b9c4a2a4d2a52ebed706c8c313cdf1f0932fdb8afd8ed01f9b5e26,0x87870bca3f3fd6335c3f4ce8392d69350b4fa4e2,6,USD Coin,0xa0b86991c6218b36c1d19d4a2e9eb0ce3606eb48,0xc5c758ca460ca1485ff199bef353d0ec5c483867,0xc5c758ca460ca1485ff199bef353d0ec5c483867
38,RedeemUnderlying,70002.087215,0.99994455,16519121:2:0x9a1f45ea03c838a37bc003c496aa309f564122b4b0dd23722e7cdb7124928cd5:155:155,1675075439,0x9a1f45ea03c838a37bc003c496aa309f564122b4b0dd23722e7cdb7124928cd5,0x87870bca3f3fd6335c3f4ce8392d69350b4fa4e2,6,USD Coin,0xa0b86991c6218b36c1d19d4a2e9eb0ce3606eb48,0x872fbcb1b582e8cd0d0dd4327fbfa0b4c2730995,0x872fbcb1b582e8cd0d0dd4327fbfa0b4c2730995
39,RedeemUnderlying,1.083651947132401,0.0,16519089:110:0x70239a9e6272e993ba1af4be8c49ff69ff5d7d59857e85715a3c33b0876ee2f1:211:211,1675075055,0x70239a9e6272e993ba1af4be8c49ff69ff5d7d59857e85715a3c33b0876ee2f1,0x87870bca3f3fd6335c3f4ce8392d69350b4fa4e2,18,Wrapped liquid staked Ether 2.0,0x7f39c581f595b53c5cb19bd0b3f8da6c935e2ca0,0xe8c404815361aef2f46d11a78132ef2362ca2af5,0xe8c404815361aef2f46d11a78132ef2362ca2af5
40,RedeemUnderlying,11.900769726186583,0.0,16518628:59:0x1a68fe879331b6d94cb4e3ad28136f4846445301dd8f9c839139bdb93dcc13f7:177:177,1675069499,0x1a68fe879331b6d94cb4e3ad28136f4846445301dd8f9c839139bdb93dcc13f7,0x87870bca3f3fd6335c3f4ce8392d69350b4fa4e2,18,Wrapped liquid staked Ether 2.0,0x7f39c581f595b53c5cb19bd0b3f8da6c935e2ca0,0x872fbcb1b582e8cd0d0dd4327fbfa0b4c2730995,0x872fbcb1b582e8cd0d0dd4327fbfa0b4c2730995
41,RedeemUnderlying,0.2869181557367608,0.0,16518539:70:0xd041bac038c10b414dc70cc2b6f5072be480d59cb29194aef96def64e5d41897:180:180,1675068431,0xd041bac038c10b414dc70cc2b6f5072be480d59cb29194aef96def64e5d41897,0x87870bca3f3fd6335c3f4ce8392d69350b4fa4e2,18,Wrapped liquid staked Ether 2.0,0x7f39c581f595b53c5cb19bd0b3f8da6c935e2ca0,0x5294180af0bd78eadcc919211f455828aa665442,0x5294180af0bd78eadcc919211f455828aa665442
42,RedeemUnderlying,0.1679254739000079,0.0,16518536:102:0xe26c7e7cee2a5b29d268ff0555fbd5b5f7d3c63c88967849663b1cfa33df4ff1:239:239,1675068395,0xe26c7e7cee2a5b29d268ff0555fbd5b5f7d3c63c88967849663b1cfa33df4ff1,0x87870bca3f3fd6335c3f4ce8392d69350b4fa4e2,18,Wrapped liquid staked Ether 2.0,0x7f39c581f595b53c5cb19bd0b3f8da6c935e2ca0,0x1809f186d680f239420b56948c58f8dbbcdf1e18,0x1809f186d680f239420b56948c58f8dbbcdf1e18
43,RedeemUnderlying,43.85148397261662,86.1997372,16518002:44:0xedd75de917025821bdf56565620c2d686ef2838b611997c7c1a552ad5c4a72e3:204:204,1675061939,0xedd75de917025821bdf56565620c2d686ef2838b611997c7c1a552ad5c4a72e3,0x87870bca3f3fd6335c3f4ce8392d69350b4fa4e2,18,Aave Token,0x7fc66500c84a76ad7e9c93437bfc5ac33e2ddae9,0x4e229cb11340eee5e87fcce42d79cc679f373c8f,0x4e229cb11340eee5e87fcce42d79cc679f373c8f
44,RedeemUnderlying,17.64526661129222,86.1997372,16517990:67:0xb0f655922d73387988b046ebe986162db0e2c1c811995200cb547026733d4093:138:138,1675061795,0xb0f655922d73387988b046ebe986162db0e2c1c811995200cb547026733d4093,0x87870bca3f3fd6335c3f4ce8392d69350b4fa4e2,18,Aave Token,0x7fc66500c84a76ad7e9c93437bfc5ac33e2ddae9,0x4e229cb11340eee5e87fcce42d79cc679f373c8f,0x4e229cb11340eee5e87fcce42d79cc679f373c8f
45,RedeemUnderlying,6.0,1633.13834233,16517853:4:0x4f0da2cc218efb11c14fd116ba5ed094dee7163c00e08a5daae74b2b9fccdce8:31:31,1675060151,0x4f0da2cc218efb11c14fd116ba5ed094dee7163c00e08a5daae74b2b9fccdce8,0x87870bca3f3fd6335c3f4ce8392d69350b4fa4e2,18,Wrapped Ether,0xc02aaa39b223fe8d0a0e5c4f27ead9083c756cc2,0x872fbcb1b582e8cd0d0dd4327fbfa0b4c2730995,0x872fbcb1b582e8cd0d0dd4327fbfa0b4c2730995
46,RedeemUnderlying,40000.535843,1.00020182,16517469:68:0x8cd411adf56a7780988a6c46a225ce10a84bb9dd4f61244c8fc99080714df31a:156:156,1675055519,0x8cd411adf56a7780988a6c46a225ce10a84bb9dd4f61244c8fc99080714df31a,0x87870bca3f3fd6335c3f4ce8392d69350b4fa4e2,6,USD Coin,0xa0b86991c6218b36c1d19d4a2e9eb0ce3606eb48,0xa713e870ff90aac4e5aa34121ca1b607bac6cc17,0xa713e870ff90aac4e5aa34121ca1b607bac6cc17
47,RedeemUnderlying,169.00017231681417,1637.18496314,16517381:66:0x8d1604ff453306606ae23f957e6fd57e0e25cb4bda650caa7c2d7c29997b6999:195:195,1675054463,0x8d1604ff453306606ae23f957e6fd57e0e25cb4bda650caa7c2d7c29997b6999,0x87870bca3f3fd6335c3f4ce8392d69350b4fa4e2,18,Wrapped Ether,0xc02aaa39b223fe8d0a0e5c4f27ead9083c756cc2,0xd322a49006fc828f9b5b37ab215f99b4e5cab19c,0xd322a49006fc828f9b5b37ab215f99b4e5cab19c
48,RedeemUnderlying,326971.3020806442,0.99978537,16516847:164:0x89af8904a59ac3dacce9ff2e240193ff0055222ae80b0207cac0525629538dcb:203:203,1675048031,0x89af8904a59ac3dacce9ff2e240193ff0055222ae80b0207cac0525629538dcb,0x87870bca3f3fd6335c3f4ce8392d69350b4fa4e2,18,Dai Stablecoin,0x6b175474e89094c44da98b954eedeac495271d0f,0x2b5f81da21bb189e0b8e0584e29d41faa7c7dfc0,0x2b5f81da21bb189e0b8e0584e29d41faa7c7dfc0
49,RedeemUnderlying,500.0,1638.545,16516736:46:0x4b1f7b18cec2beeeb812a394b036a6948ca4a4c65f1209e7492bca7f15e24122:78:78,1675046699,0x4b1f7b18cec2beeeb812a394b036a6948ca4a4c65f1209e7492bca7f15e24122,0x87870bca3f3fd6335c3f4ce8392d69350b4fa4e2,18,Wrapped Ether,0xc02aaa39b223fe8d0a0e5c4f27ead9083c756cc2,0x2b5f81da21bb189e0b8e0584e29d41faa7c7dfc0,0x2b5f81da21bb189e0b8e0584e29d41faa7c7dfc0
50,RedeemUnderlying,123.23657601576912,1638.545,16516568:45:0xd0fc9f255ce02445ebc715819e885e99455d4f3c73c0a93b8d8dbea8c6a3a70c:114:114,1675044671,0xd0fc9f255ce02445ebc715819e885e99455d4f3c73c0a93b8d8dbea8c6a3a70c,0x87870bca3f3fd6335c3f4ce8392d69350b4fa4e2,18,Wrapped Ether,0xc02aaa39b223fe8d0a0e5c4f27ead9083c756cc2,0xd322a49006fc828f9b5b37ab215f99b4e5cab19c,0xd322a49006fc828f9b5b37ab215f99b4e5cab19c
51,RedeemUnderlying,46.0,1638.545,16516552:165:0xa2fcd98ee970c0b7e67a793dd6c696446d506dcfcf69bd98e32114ff9a2bde02:238:238,1675044479,0xa2fcd98ee970c0b7e67a793dd6c696446d506dcfcf69bd98e32114ff9a2bde02,0x87870bca3f3fd6335c3f4ce8392d69350b4fa4e2,18,Wrapped Ether,0xc02aaa39b223fe8d0a0e5c4f27ead9083c756cc2,0xd322a49006fc828f9b5b37ab215f99b4e5cab19c,0xd322a49006fc828f9b5b37ab215f99b4e5cab19c
52,RedeemUnderlying,201071.58267767457,1.00137092,16516174:63:0x6b3cb3f04799f7ea64be5336a3dd0a40076a15d46ffe7e7190df2341f18798c0:272:272,1675039907,0x6b3cb3f04799f7ea64be5336a3dd0a40076a15d46ffe7e7190df2341f18798c0,0x87870bca3f3fd6335c3f4ce8392d69350b4fa4e2,18,Dai Stablecoin,0x6b175474e89094c44da98b954eedeac495271d0f,0x6cbd0a857159f2e8441c01aac816fa630a2a8529,0x6cbd0a857159f2e8441c01aac816fa630a2a8529
53,RedeemUnderlying,4105.0,1.00008564,16515837:111:0x0f64c0757018c317384e564736af01d3aa8e7b56645710e904902c99efb9c287:324:324,1675035839,0x0f64c0757018c317384e564736af01d3aa8e7b56645710e904902c99efb9c287,0x87870bca3f3fd6335c3f4ce8392d69350b4fa4e2,18,Dai Stablecoin,0x6b175474e89094c44da98b954eedeac495271d0f,0x2f31e5e4e0edfe3f42b910ac7cd5ab25dd130114,0x2f31e5e4e0edfe3f42b910ac7cd5ab25dd130114
54,RedeemUnderlying,0.2502144851395771,0.0,16515653:168:0x3532a5990c1b3091ed2badf5abeb797cffaa4f404f478e2837ab9db9eba51913:381:381,1675033631,0x3532a5990c1b3091ed2badf5abeb797cffaa4f404f478e2837ab9db9eba51913,0x87870bca3f3fd6335c3f4ce8392d69350b4fa4e2,18,Wrapped liquid staked Ether 2.0,0x7f39c581f595b53c5cb19bd0b3f8da6c935e2ca0,0xc4417ee91ec12a94cf8cbe5e8f19e7db84b8df4c,0xc4417ee91ec12a94cf8cbe5e8f19e7db84b8df4c
55,RedeemUnderlying,0.02033145,0.0,16515646:126:0x1cc00fde2b6f0eee1284618a3196764da6d27dad6f1c9846595f78ef24287c56:396:396,1675033547,0x1cc00fde2b6f0eee1284618a3196764da6d27dad6f1c9846595f78ef24287c56,0x87870bca3f3fd6335c3f4ce8392d69350b4fa4e2,8,Wrapped BTC,0x2260fac5e5542a773aa44fbcfedf7c193bc2c599,0xc4417ee91ec12a94cf8cbe5e8f19e7db84b8df4c,0xc4417ee91ec12a94cf8cbe5e8f19e7db84b8df4c
56,RedeemUnderlying,500.0,1.00020182,16515579:83:0x1d9a72893e4db725a681f0fbadcc4c7e10c3b539967a95950f48a3d0c2da9358:176:176,1675032731,0x1d9a72893e4db725a681f0fbadcc4c7e10c3b539967a95950f48a3d0c2da9358,0x87870bca3f3fd6335c3f4ce8392d69350b4fa4e2,6,USD Coin,0xa0b86991c6218b36c1d19d4a2e9eb0ce3606eb48,0x4114a86310c5209b70dddc80814748bac9e577ad,0x4114a86310c5209b70dddc80814748bac9e577ad
57,RedeemUnderlying,0.78,1644.97279669,16515545:89:0x9416a435b1c46270c7c7f118ad8d6da760ba9d2c839618072abd90252435f38d:212:212,1675032311,0x9416a435b1c46270c7c7f118ad8d6da760ba9d2c839618072abd90252435f38d,0x87870bca3f3fd6335c3f4ce8392d69350b4fa4e2,18,Wrapped Ether,0xc02aaa39b223fe8d0a0e5c4f27ead9083c756cc2,0xd322a49006fc828f9b5b37ab215f99b4e5cab19c,0xd322a49006fc828f9b5b37ab215f99b4e5cab19c
58,RedeemUnderlying,115.00000862194013,1644.97279669,16515485:6:0xecd60075d7345f9c3c670458bfb71352e0626df061ccc7fa95abcd36827275a5:24:24,1675031591,0xecd60075d7345f9c3c670458bfb71352e0626df061ccc7fa95abcd36827275a5,0x87870bca3f3fd6335c3f4ce8392d69350b4fa4e2,18,Wrapped Ether,0xc02aaa39b223fe8d0a0e5c4f27ead9083c756cc2,0xd322a49006fc828f9b5b37ab215f99b4e5cab19c,0xd322a49006fc828f9b5b37ab215f99b4e5cab19c
59,RedeemUnderlying,0.6114977550548858,1644.97279669,16515462:106:0xea0382f2c16fc6eb1f668e09349cefd54def86e2351ddbd99e5485be3d8684a8:222:222,1675031315,0xea0382f2c16fc6eb1f668e09349cefd54def86e2351ddbd99e5485be3d8684a8,0x87870bca3f3fd6335c3f4ce8392d69350b4fa4e2,18,Wrapped Ether,0xc02aaa39b223fe8d0a0e5c4f27ead9083c756cc2,0x1809f186d680f239420b56948c58f8dbbcdf1e18,0x1809f186d680f239420b56948c58f8dbbcdf1e18
60,RedeemUnderlying,1.0000983475603962,1635.03129534,16515064:151:0x77be66f33837a0b2f768a53de27e9dc34061771dc4535e2f975775cf3aba8c51:308:308,1675026527,0x77be66f33837a0b2f768a53de27e9dc34061771dc4535e2f975775cf3aba8c51,0x87870bca3f3fd6335c3f4ce8392d69350b4fa4e2,18,Wrapped Ether,0xc02aaa39b223fe8d0a0e5c4f27ead9083c756cc2,0xd322a49006fc828f9b5b37ab215f99b4e5cab19c,0xd322a49006fc828f9b5b37ab215f99b4e5cab19c
61,RedeemUnderlying,75852.631358,1.00020182,16514889:89:0xadb4951eda325c121da86fe3cf1aecf660ba7649d385e51828392755ff6e6e31:170:170,1675024427,0xadb4951eda325c121da86fe3cf1aecf660ba7649d385e51828392755ff6e6e31,0x87870bca3f3fd6335c3f4ce8392d69350b4fa4e2,6,USD Coin,0xa0b86991c6218b36c1d19d4a2e9eb0ce3606eb48,0xc6bf059aabef5668c32ebeef3dae82e59d4ebc4a,0xc6bf059aabef5668c32ebeef3dae82e59d4ebc4a
62,RedeemUnderlying,100000.0,7.43810036,16514854:30:0x1178354256bd60f1870b019bcd90bd3168511a0675966cc12e5e9b984700cdbf:58:58,1675023995,0x1178354256bd60f1870b019bcd90bd3168511a0675966cc12e5e9b984700cdbf,0x87870bca3f3fd6335c3f4ce8392d69350b4fa4e2,18,ChainLink Token,0x514910771af9ca656af840dff83e8264ecf986ca,0x17080b589cdcbd10ebeaa24cb0096f4bb29eb52b,0x17080b589cdcbd10ebeaa24cb0096f4bb29eb52b
63,RedeemUnderlying,14.020001052800945,1629.14978859,16514423:337:0xe09cc9fe4ebc0b286a5032a35ce8dd734f4349bfa1e1e2f9f9b821de51cd73f5:367:367,1675018811,0xe09cc9fe4ebc0b286a5032a35ce8dd734f4349bfa1e1e2f9f9b821de51cd73f5,0x87870bca3f3fd6335c3f4ce8392d69350b4fa4e2,18,Wrapped Ether,0xc02aaa39b223fe8d0a0e5c4f27ead9083c756cc2,0xd322a49006fc828f9b5b37ab215f99b4e5cab19c,0xd322a49006fc828f9b5b37ab215f99b4e5cab19c
64,RedeemUnderlying,3.696119609209129,1626.92606459,16514390:156:0x06d1d26c51e63c4795ba170d7b4000fa170d5976253b859f8542717c30a92c3c:439:439,1675018415,0x06d1d26c51e63c4795ba170d7b4000fa170d5976253b859f8542717c30a92c3c,0x87870bca3f3fd6335c3f4ce8392d69350b4fa4e2,18,Wrapped Ether,0xc02aaa39b223fe8d0a0e5c4f27ead9083c756cc2,0xd322a49006fc828f9b5b37ab215f99b4e5cab19c,0xd322a49006fc828f9b5b37ab215f99b4e5cab19c
65,RedeemUnderlying,200.0000323965102,1618.7,16514149:117:0xf8bfc060dd7e628e134b989c0878b4758002b4064e188533abe008d29ff66e6e:262:262,1675015511,0xf8bfc060dd7e628e134b989c0878b4758002b4064e188533abe008d29ff66e6e,0x87870bca3f3fd6335c3f4ce8392d69350b4fa4e2,18,Wrapped Ether,0xc02aaa39b223fe8d0a0e5c4f27ead9083c756cc2,0x2078e77a018455e4da7d805c98569359bfe274fd,0x2078e77a018455e4da7d805c98569359bfe274fd
66,RedeemUnderlying,15.287217296779348,0.0,16514074:83:0xe832437f91663deac04ebf9106d49bf79ff1953ee98830ce1ce4f0a3d826a7a6:197:197,1675014587,0xe832437f91663deac04ebf9106d49bf79ff1953ee98830ce1ce4f0a3d826a7a6,0x87870bca3f3fd6335c3f4ce8392d69350b4fa4e2,18,Wrapped liquid staked Ether 2.0,0x7f39c581f595b53c5cb19bd0b3f8da6c935e2ca0,0x1809f186d680f239420b56948c58f8dbbcdf1e18,0x1809f186d680f239420b56948c58f8dbbcdf1e18
67,RedeemUnderlying,0.29,1615.71033327,16514031:80:0x00cfd6c39a1286f8d2f2f8809ee1ef8a1325e8e2d45fee28247c2bdf8f43a3fe:157:157,1675014071,0x00cfd6c39a1286f8d2f2f8809ee1ef8a1325e8e2d45fee28247c2bdf8f43a3fe,0x87870bca3f3fd6335c3f4ce8392d69350b4fa4e2,18,Wrapped Ether,0xc02aaa39b223fe8d0a0e5c4f27ead9083c756cc2,0xd322a49006fc828f9b5b37ab215f99b4e5cab19c,0xd322a49006fc828f9b5b37ab215f99b4e5cab19c
68,RedeemUnderlying,800.0,1.00020182,16514010:72:0x41e6bd682be105addfda0d58372274ae4c9eb616d8b1ec030f33819f1549ae8b:126:126,1675013819,0x41e6bd682be105addfda0d58372274ae4c9eb616d8b1ec030f33819f1549ae8b,0x87870bca3f3fd6335c3f4ce8392d69350b4fa4e2,6,USD Coin,0xa0b86991c6218b36c1d19d4a2e9eb0ce3606eb48,0x4114a86310c5209b70dddc80814748bac9e577ad,0x4114a86310c5209b70dddc80814748bac9e577ad
69,RedeemUnderlying,0.2000000107353571,1615.71033327,16513867:145:0x61907915eee59442dfa76134202ca0e60c0ff10262d19454ce93f93b5970375d:327:327,1675012103,0x61907915eee59442dfa76134202ca0e60c0ff10262d19454ce93f93b5970375d,0x87870bca3f3fd6335c3f4ce8392d69350b4fa4e2,18,Wrapped Ether,0xc02aaa39b223fe8d0a0e5c4f27ead9083c756cc2,0xd322a49006fc828f9b5b37ab215f99b4e5cab19c,0xd322a49006fc828f9b5b37ab215f99b4e5cab19c
70,RedeemUnderlying,1000.0,7.30417947,16513860:82:0x5c8b9329fcaf465139767026672d58fd5885084da15e04a5025b6f5fca5f9a38:143:143,1675012019,0x5c8b9329fcaf465139767026672d58fd5885084da15e04a5025b6f5fca5f9a38,0x87870bca3f3fd6335c3f4ce8392d69350b4fa4e2,18,ChainLink Token,0x514910771af9ca656af840dff83e8264ecf986ca,0x4e925df00cf892d0d20bb7985f0ec5d0e1154b6e,0x4e925df00cf892d0d20bb7985f0ec5d0e1154b6e
71,RedeemUnderlying,7.413,87.602955,16513369:16:0x4cc6c40400522b7e1c98a2e1583ba74badda87e150e8effe14e1aeaaee6105c5:35:35,1675006103,0x4cc6c40400522b7e1c98a2e1583ba74badda87e150e8effe14e1aeaaee6105c5,0x87870bca3f3fd6335c3f4ce8392d69350b4fa4e2,18,Aave Token,0x7fc66500c84a76ad7e9c93437bfc5ac33e2ddae9,0x84fc4e1346c4b622050bdd3394336cbe376ca847,0x84fc4e1346c4b622050bdd3394336cbe376ca847
72,RedeemUnderlying,1199.9864704568313,1614.76432317,16513251:72:0xc8943ff5ab9df737cecce55c805655a898d07835ef8a52199b97a69422fcc38c:136:136,1675004663,0xc8943ff5ab9df737cecce55c805655a898d07835ef8a52199b97a69422fcc38c,0x87870bca3f3fd6335c3f4ce8392d69350b4fa4e2,18,Wrapped Ether,0xc02aaa39b223fe8d0a0e5c4f27ead9083c756cc2,0xd322a49006fc828f9b5b37ab215f99b4e5cab19c,0xd322a49006fc828f9b5b37ab215f99b4e5cab19c
73,RedeemUnderlying,0.1435497799376799,1614.76432317,16513210:110:0x9049e648f1c935d9d60d6613e1006721315b41b309f17c7eb673c815b681e190:242:242,1675004159,0x9049e648f1c935d9d60d6613e1006721315b41b309f17c7eb673c815b681e190,0x87870bca3f3fd6335c3f4ce8392d69350b4fa4e2,18,Wrapped Ether,0xc02aaa39b223fe8d0a0e5c4f27ead9083c756cc2,0x1809f186d680f239420b56948c58f8dbbcdf1e18,0x1809f186d680f239420b56948c58f8dbbcdf1e18
74,RedeemUnderlying,10005.473746,1.00020182,16513101:91:0xb72f536de08e1ffcbe4fa53a8c2559241d9d626aec552852220f95ae18b313d9:173:173,1675002839,0xb72f536de08e1ffcbe4fa53a8c2559241d9d626aec552852220f95ae18b313d9,0x87870bca3f3fd6335c3f4ce8392d69350b4fa4e2,6,USD Coin,0xa0b86991c6218b36c1d19d4a2e9eb0ce3606eb48,0x0f3563d5a39f6add7e60630bd14f9d8ded0cdc5e,0x0f3563d5a39f6add7e60630bd14f9d8ded0cdc5e
75,RedeemUnderlying,550.0070575903962,1609.729205,16512606:97:0xf309e7674446f1dadbf85066dbe563df16e0698184775cae2752ba27a40dc89d:190:190,1674996863,0xf309e7674446f1dadbf85066dbe563df16e0698184775cae2752ba27a40dc89d,0x87870bca3f3fd6335c3f4ce8392d69350b4fa4e2,18,Wrapped Ether,0xc02aaa39b223fe8d0a0e5c4f27ead9083c756cc2,0xd322a49006fc828f9b5b37ab215f99b4e5cab19c,0xd322a49006fc828f9b5b37ab215f99b4e5cab19c
76,RedeemUnderlying,3993.525909986258,7.41606855,16512185:92:0x221e7b177404c53a4c984fd65f172c5a26356a18e05398c43f927b39d5110080:159:159,1674991787,0x221e7b177404c53a4c984fd65f172c5a26356a18e05398c43f927b39d5110080,0x87870bca3f3fd6335c3f4ce8392d69350b4fa4e2,18,ChainLink Token,0x514910771af9ca656af840dff83e8264ecf986ca,0x8304f0ca0eca7390aea0660bcec8c14b0080d272,0x8304f0ca0eca7390aea0660bcec8c14b0080d272
77,RedeemUnderlying,0.69999943,0.0,16511981:190:0x8cf752c3aace706f40126b90a422649824033e0becabb774bb7d2e7a8c360e5e:262:262,1674989339,0x8cf752c3aace706f40126b90a422649824033e0becabb774bb7d2e7a8c360e5e,0x87870bca3f3fd6335c3f4ce8392d69350b4fa4e2,8,Wrapped BTC,0x2260fac5e5542a773aa44fbcfedf7c193bc2c599,0x495fc720b08f641d22f198605aee289518cdc747,0x495fc720b08f641d22f198605aee289518cdc747
78,RedeemUnderlying,70000.00522351568,1.00055642,16511746:110:0x9a13a9cae65f9628bcfd1e24a442a31f7bc748f90afcef08d0c4bed4585fe8fa:212:212,1674986495,0x9a13a9cae65f9628bcfd1e24a442a31f7bc748f90afcef08d0c4bed4585fe8fa,0x87870bca3f3fd6335c3f4ce8392d69350b4fa4e2,18,Dai Stablecoin,0x6b175474e89094c44da98b954eedeac495271d0f,0x54dc6782d6fc5fc05f8486d365186ff25cc44ba7,0x54dc6782d6fc5fc05f8486d365186ff25cc44ba7
79,RedeemUnderlying,1.0000398230569292,1599.502215,16511728:38:0xb4e6000ba60a23d70d19ff70bfb3c1c3858109be3f481dd5f355be502c055fd2:55:55,1674986279,0xb4e6000ba60a23d70d19ff70bfb3c1c3858109be3f481dd5f355be502c055fd2,0x87870bca3f3fd6335c3f4ce8392d69350b4fa4e2,18,Wrapped Ether,0xc02aaa39b223fe8d0a0e5c4f27ead9083c756cc2,0xd322a49006fc828f9b5b37ab215f99b4e5cab19c,0xd322a49006fc828f9b5b37ab215f99b4e5cab19c
80,RedeemUnderlying,9.50000430953092,1599.54,16511706:65:0xfc91e0dda2148fc7f7e6ff3851f225c03b8613903d673a07070ab766ff82b6af:121:121,1674986015,0xfc91e0dda2148fc7f7e6ff3851f225c03b8613903d673a07070ab766ff82b6af,0x87870bca3f3fd6335c3f4ce8392d69350b4fa4e2,18,Wrapped Ether,0xc02aaa39b223fe8d0a0e5c4f27ead9083c756cc2,0x872fbcb1b582e8cd0d0dd4327fbfa0b4c2730995,0x872fbcb1b582e8cd0d0dd4327fbfa0b4c2730995
81,RedeemUnderlying,380558.615147,1.00020182,16511319:109:0x2047da9ec7a0dde3ffcb091734803032e54b8b53c740078b414b17e11f7e8ca3:261:261,1674981323,0x2047da9ec7a0dde3ffcb091734803032e54b8b53c740078b414b17e11f7e8ca3,0x87870bca3f3fd6335c3f4ce8392d69350b4fa4e2,6,USD Coin,0xa0b86991c6218b36c1d19d4a2e9eb0ce3606eb48,0xf200cb437bfe0ad696ecf7cb4264192c7034bbe9,0xf200cb437bfe0ad696ecf7cb4264192c7034bbe9
82,RedeemUnderlying,1.000000426833315,1593.8,16510938:8:0x9a5bfb042ad4ab4c7f0a8eee0f4c8abbe656daa257a56777b1e03a5944625e9a:57:57,1674976715,0x9a5bfb042ad4ab4c7f0a8eee0f4c8abbe656daa257a56777b1e03a5944625e9a,0x87870bca3f3fd6335c3f4ce8392d69350b4fa4e2,18,Wrapped Ether,0xc02aaa39b223fe8d0a0e5c4f27ead9083c756cc2,0xd322a49006fc828f9b5b37ab215f99b4e5cab19c,0xd322a49006fc828f9b5b37ab215f99b4e5cab19c
83,RedeemUnderlying,0.1280186087469,1596.49859009,16510660:67:0x981e85a33e101cb76665acf32befb8d62dedc28a66f0ef9e55e37e2a45d85fd1:134:134,1674973343,0x981e85a33e101cb76665acf32befb8d62dedc28a66f0ef9e55e37e2a45d85fd1,0x87870bca3f3fd6335c3f4ce8392d69350b4fa4e2,18,Wrapped Ether,0xc02aaa39b223fe8d0a0e5c4f27ead9083c756cc2,0xd322a49006fc828f9b5b37ab215f99b4e5cab19c,0xd322a49006fc828f9b5b37ab215f99b4e5cab19c
84,RedeemUnderlying,0.1,1594.105,16510029:32:0x28f8e4851080e13b7b782dad158a137c9e6c80139327cf07dbb5f406b5803b37:149:149,1674965735,0x28f8e4851080e13b7b782dad158a137c9e6c80139327cf07dbb5f406b5803b37,0x87870bca3f3fd6335c3f4ce8392d69350b4fa4e2,18,Wrapped Ether,0xc02aaa39b223fe8d0a0e5c4f27ead9083c756cc2,0xd322a49006fc828f9b5b37ab215f99b4e5cab19c,0xd322a49006fc828f9b5b37ab215f99b4e5cab19c
85,RedeemUnderlying,8.000707723486116,1589.4,16509489:149:0x16f70285e62cba4424f73e0bc2d98e6ce1a1159ad163d266c9552e10fd0cd485:325:325,1674959219,0x16f70285e62cba4424f73e0bc2d98e6ce1a1159ad163d266c9552e10fd0cd485,0x87870bca3f3fd6335c3f4ce8392d69350b4fa4e2,18,Wrapped Ether,0xc02aaa39b223fe8d0a0e5c4f27ead9083c756cc2,0xd322a49006fc828f9b5b37ab215f99b4e5cab19c,0xd322a49006fc828f9b5b37ab215f99b4e5cab19c
86,RedeemUnderlying,20.16251876,0.0,16509353:86:0x301896835f702ba156143c6fe1bcdc6b2abb435b5dc01f470e2bc8af2c7d9a79:517:517,1674957587,0x301896835f702ba156143c6fe1bcdc6b2abb435b5dc01f470e2bc8af2c7d9a79,0x87870bca3f3fd6335c3f4ce8392d69350b4fa4e2,8,Wrapped BTC,0x2260fac5e5542a773aa44fbcfedf7c193bc2c599,0x9e6cbbfd4da15983675de9f10f7c847d2d7bf451,0x9e6cbbfd4da15983675de9f10f7c847d2d7bf451
87,RedeemUnderlying,100005.916051,1.00003,16508854:111:0xb439df5c3b87a69b0cf6020327f006b6a20c17ed5554627cf262151281174b2a:452:452,1674951563,0xb439df5c3b87a69b0cf6020327f006b6a20c17ed5554627cf262151281174b2a,0x87870bca3f3fd6335c3f4ce8392d69350b4fa4e2,6,USD Coin,0xa0b86991c6218b36c1d19d4a2e9eb0ce3606eb48,0x5bff9c675d0bea5292df2f54750ae0a5ac4c8d60,0x5bff9c675d0bea5292df2f54750ae0a5ac4c8d60
88,RedeemUnderlying,15000.982207960726,0.99994665,16508852:146:0xa8daec59e410ff1c0cd3ce976242dc1c492d543d364ba452652f02227160ac64:412:412,1674951539,0xa8daec59e410ff1c0cd3ce976242dc1c492d543d364ba452652f02227160ac64,0x87870bca3f3fd6335c3f4ce8392d69350b4fa4e2,18,Dai Stablecoin,0x6b175474e89094c44da98b954eedeac495271d0f,0xe69244adf7cedb7eeca7dde07930be123061b817,0xe69244adf7cedb7eeca7dde07930be123061b817
89,RedeemUnderlying,9985.897778060811,0.99990692,16508522:99:0x3321ed119314663f15d5ed63930d76447e328829584b14f7bbb955375f200f08:195:195,1674947543,0x3321ed119314663f15d5ed63930d76447e328829584b14f7bbb955375f200f08,0x87870bca3f3fd6335c3f4ce8392d69350b4fa4e2,18,Dai Stablecoin,0x6b175474e89094c44da98b954eedeac495271d0f,0xed15ae447d3c94cf7b0a9a64f845921255e5090d,0xed15ae447d3c94cf7b0a9a64f845921255e5090d
90,RedeemUnderlying,1222.546509319223,0.99987953,16507067:86:0x730772cba1e7c5485187588e6d35e0cb3e04f77bcd8e426e491c13542672288c:277:277,1674930011,0x730772cba1e7c5485187588e6d35e0cb3e04f77bcd8e426e491c13542672288c,0x87870bca3f3fd6335c3f4ce8392d69350b4fa4e2,18,Dai Stablecoin,0x6b175474e89094c44da98b954eedeac495271d0f,0x0cd93ed428f4c91c8d58b6e94e716b030e2ceb0c,0x0cd93ed428f4c91c8d58b6e94e716b030e2ceb0c
91,RedeemUnderlying,0.0400008466721917,1577.61269757,16506846:119:0xdaac83e9e83d4cdaede7cf12600039ca31d2c8397f4a505d8a1614bd9ed4c2fb:214:214,1674927359,0xdaac83e9e83d4cdaede7cf12600039ca31d2c8397f4a505d8a1614bd9ed4c2fb,0x87870bca3f3fd6335c3f4ce8392d69350b4fa4e2,18,Wrapped Ether,0xc02aaa39b223fe8d0a0e5c4f27ead9083c756cc2,0xd322a49006fc828f9b5b37ab215f99b4e5cab19c,0xd322a49006fc828f9b5b37ab215f99b4e5cab19c
92,RedeemUnderlying,1.71,0.0,16506787:277:0xbbb4f8a4a5caccf87a0090491a358c810036c039e6293b272adcd5afaf1690c3:779:779,1674926651,0xbbb4f8a4a5caccf87a0090491a358c810036c039e6293b272adcd5afaf1690c3,0x87870bca3f3fd6335c3f4ce8392d69350b4fa4e2,18,Wrapped liquid staked Ether 2.0,0x7f39c581f595b53c5cb19bd0b3f8da6c935e2ca0,0x247bc6556b5d14416332575ebc6a2e65d9db3109,0x247bc6556b5d14416332575ebc6a2e65d9db3109
93,RedeemUnderlying,1.7,0.0,16506784:135:0x883a58082358c78a11520909fe558b33f0f94b03c2a6660f2e260a6b16caaa64:310:310,1674926615,0x883a58082358c78a11520909fe558b33f0f94b03c2a6660f2e260a6b16caaa64,0x87870bca3f3fd6335c3f4ce8392d69350b4fa4e2,18,Wrapped liquid staked Ether 2.0,0x7f39c581f595b53c5cb19bd0b3f8da6c935e2ca0,0x247bc6556b5d14416332575ebc6a2e65d9db3109,0x247bc6556b5d14416332575ebc6a2e65d9db3109
94,RedeemUnderlying,16.26074630159093,0.0,16506775:64:0x4ca2d45c8de2718de518b13f178b9dedba1163aac02450b54c8b1f1cb089c414:136:136,1674926507,0x4ca2d45c8de2718de518b13f178b9dedba1163aac02450b54c8b1f1cb089c414,0x87870bca3f3fd6335c3f4ce8392d69350b4fa4e2,18,Wrapped liquid staked Ether 2.0,0x7f39c581f595b53c5cb19bd0b3f8da6c935e2ca0,0xe3c1d31ee9de31f360bea993526bf52f2c75c59e,0xe3c1d31ee9de31f360bea993526bf52f2c75c59e
95,RedeemUnderlying,4.0,0.0,16506773:134:0x39128cca38eda5e9ebbd312b4d797f55f36bc4d49766ca8e11db0778664c13cb:308:308,1674926483,0x39128cca38eda5e9ebbd312b4d797f55f36bc4d49766ca8e11db0778664c13cb,0x87870bca3f3fd6335c3f4ce8392d69350b4fa4e2,18,Wrapped liquid staked Ether 2.0,0x7f39c581f595b53c5cb19bd0b3f8da6c935e2ca0,0x247bc6556b5d14416332575ebc6a2e65d9db3109,0x247bc6556b5d14416332575ebc6a2e65d9db3109
96,RedeemUnderlying,989.673257,1.00003,16505865:66:0x7b1132c3e6a2997f1b564fa4b03e0bad81c76a16637c8039756349c2f1061215:110:110,1674915539,0x7b1132c3e6a2997f1b564fa4b03e0bad81c76a16637c8039756349c2f1061215,0x87870bca3f3fd6335c3f4ce8392d69350b4fa4e2,6,USD Coin,0xa0b86991c6218b36c1d19d4a2e9eb0ce3606eb48,0x872fbcb1b582e8cd0d0dd4327fbfa0b4c2730995,0x872fbcb1b582e8cd0d0dd4327fbfa0b4c2730995
97,RedeemUnderlying,500.059595,1.00003,16505741:49:0x7c588455d9b610f8bea3bf4c5ddf90227819e0217b4326d837c2d8a0cfad1bb6:86:86,1674914051,0x7c588455d9b610f8bea3bf4c5ddf90227819e0217b4326d837c2d8a0cfad1bb6,0x87870bca3f3fd6335c3f4ce8392d69350b4fa4e2,6,USD Coin,0xa0b86991c6218b36c1d19d4a2e9eb0ce3606eb48,0x5115563fe64378f3a645c97e24c4c8d640a04c67,0x5115563fe64378f3a645c97e24c4c8d640a04c67
98,RedeemUnderlying,0.0100000011193102,1568.2348,16505715:91:0x33296d1f34f2725168c30fafd58cae89f1b2e041e8db5962e6860306c39f7e04:252:252,1674913739,0x33296d1f34f2725168c30fafd58cae89f1b2e041e8db5962e6860306c39f7e04,0x87870bca3f3fd6335c3f4ce8392d69350b4fa4e2,18,Wrapped Ether,0xc02aaa39b223fe8d0a0e5c4f27ead9083c756cc2,0xd322a49006fc828f9b5b37ab215f99b4e5cab19c,0xd322a49006fc828f9b5b37ab215f99b4e5cab19c
99,RedeemUnderlying,21853.248494077558,0.9997134,16505520:53:0xa591fade00ff5021fbf3d8197b4e994625ee0b897acd94c48fe8c7ca45111cf0:95:95,1674911387,0xa591fade00ff5021fbf3d8197b4e994625ee0b897acd94c48fe8c7ca45111cf0,0x87870bca3f3fd6335c3f4ce8392d69350b4fa4e2,18,Dai Stablecoin,0x6b175474e89094c44da98b954eedeac495271d0f,0xc75b143301cf47a3ad096ed904f5e3f0831a57fb,0xc75b143301cf47a3ad096ed904f5e3f0831a57fb
100,RedeemUnderlying,3.000142731154685,1585.76355715,16505100:82:0x1054b77fddc3d44e2bd800a5ee6fc844d0f756745829b6f27f5a00ef8298f64e:163:163,1674906287,0x1054b77fddc3d44e2bd800a5ee6fc844d0f756745829b6f27f5a00ef8298f64e,0x87870bca3f3fd6335c3f4ce8392d69350b4fa4e2,18,Wrapped Ether,0xc02aaa39b223fe8d0a0e5c4f27ead9083c756cc2,0xd322a49006fc828f9b5b37ab215f99b4e5cab19c,0xd322a49006fc828f9b5b37ab215f99b4e5cab19c
101,RedeemUnderlying,100000.0,1.00003,16504987:83:0x357b07fa74a544a2116f2ce47f23f7c72e035f36065b7cfef52e560efea768f5:141:141,1674904919,0x357b07fa74a544a2116f2ce47f23f7c72e035f36065b7cfef52e560efea768f5,0x87870bca3f3fd6335c3f4ce8392d69350b4fa4e2,6,USD Coin,0xa0b86991c6218b36c1d19d4a2e9eb0ce3606eb48,0x5bff9c675d0bea5292df2f54750ae0a5ac4c8d60,0x5bff9c675d0bea5292df2f54750ae0a5ac4c8d60
102,RedeemUnderlying,9.887581513672352,0.0,16504924:12:0x7c9813f180f3e00f6a5a14bbd53dfabe09c3f9f3047906e269e37414580d769a:38:38,1674904163,0x7c9813f180f3e00f6a5a14bbd53dfabe09c3f9f3047906e269e37414580d769a,0x87870bca3f3fd6335c3f4ce8392d69350b4fa4e2,18,Wrapped liquid staked Ether 2.0,0x7f39c581f595b53c5cb19bd0b3f8da6c935e2ca0,0xdc2545c1bbca4dba3bcbd600c2fc7fa3ec41d163,0xdc2545c1bbca4dba3bcbd600c2fc7fa3ec41d163
103,RedeemUnderlying,791.91874,1.00003,16504594:106:0xcf814203fb75311bffbefdc0149288bdca15050aa5cbca58931924295dea368b:237:237,1674900191,0xcf814203fb75311bffbefdc0149288bdca15050aa5cbca58931924295dea368b,0x87870bca3f3fd6335c3f4ce8392d69350b4fa4e2,6,USD Coin,0xa0b86991c6218b36c1d19d4a2e9eb0ce3606eb48,0x78d2b46062e62933e0e3106013954e6166a64a5d,0x78d2b46062e62933e0e3106013954e6166a64a5d
104,RedeemUnderlying,0.45,0.0,16504589:85:0xdd77a86203b83b441c3290ad8aba641b69cb9c0ab12a0a906fc2f047b0e5d3a3:159:159,1674900131,0xdd77a86203b83b441c3290ad8aba641b69cb9c0ab12a0a906fc2f047b0e5d3a3,0x87870bca3f3fd6335c3f4ce8392d69350b4fa4e2,18,Wrapped liquid staked Ether 2.0,0x7f39c581f595b53c5cb19bd0b3f8da6c935e2ca0,0x872fbcb1b582e8cd0d0dd4327fbfa0b4c2730995,0x872fbcb1b582e8cd0d0dd4327fbfa0b4c2730995
105,RedeemUnderlying,15.0,1592.29805296,16504424:95:0xa5a4e6e77b7f95b70c9cdef19cebefe07eeec4b55714d42882a49c128a54dfb5:165:165,1674898151,0xa5a4e6e77b7f95b70c9cdef19cebefe07eeec4b55714d42882a49c128a54dfb5,0x87870bca3f3fd6335c3f4ce8392d69350b4fa4e2,18,Wrapped Ether,0xc02aaa39b223fe8d0a0e5c4f27ead9083c756cc2,0xd322a49006fc828f9b5b37ab215f99b4e5cab19c,0xd322a49006fc828f9b5b37ab215f99b4e5cab19c
106,RedeemUnderlying,1.0,1592.29805296,16504374:118:0x69f7fbbbc3f205c4e0fd71bfdc269a43ef44dba3b98910eee65337628875d35b:348:348,1674897551,0x69f7fbbbc3f205c4e0fd71bfdc269a43ef44dba3b98910eee65337628875d35b,0x87870bca3f3fd6335c3f4ce8392d69350b4fa4e2,18,Wrapped Ether,0xc02aaa39b223fe8d0a0e5c4f27ead9083c756cc2,0xd322a49006fc828f9b5b37ab215f99b4e5cab19c,0xd322a49006fc828f9b5b37ab215f99b4e5cab19c
107,RedeemUnderlying,100.010459,1.00003,16504023:138:0x1b05dfb10c71b19e5a1188825c2e402586a968c17f96036426953262cbfa5e65:391:391,1674893339,0x1b05dfb10c71b19e5a1188825c2e402586a968c17f96036426953262cbfa5e65,0x87870bca3f3fd6335c3f4ce8392d69350b4fa4e2,6,USD Coin,0xa0b86991c6218b36c1d19d4a2e9eb0ce3606eb48,0xf89a3799b90593317e0a1eb74164fbc1755a297a,0xf89a3799b90593317e0a1eb74164fbc1755a297a
108,RedeemUnderlying,2914.9587765452293,1592.76166,16504009:77:0x67a068a1061caaa122fd2de0be1965033571563bd93c58383081eb48549aaec5:224:224,1674893171,0x67a068a1061caaa122fd2de0be1965033571563bd93c58383081eb48549aaec5,0x87870bca3f3fd6335c3f4ce8392d69350b4fa4e2,18,Wrapped Ether,0xc02aaa39b223fe8d0a0e5c4f27ead9083c756cc2,0xd322a49006fc828f9b5b37ab215f99b4e5cab19c,0xd322a49006fc828f9b5b37ab215f99b4e5cab19c
109,RedeemUnderlying,203.40214608,0.0,16503975:71:0x21053e118ca0df10e1e8ef1392d4292a714ea0f238ee96f39b3cdf868abd4e95:156:156,1674892763,0x21053e118ca0df10e1e8ef1392d4292a714ea0f238ee96f39b3cdf868abd4e95,0x87870bca3f3fd6335c3f4ce8392d69350b4fa4e2,8,Wrapped BTC,0x2260fac5e5542a773aa44fbcfedf7c193bc2c599,0xb8465f2ab8e1c416a1ca54ddd3207346f0d77fab,0xb8465f2ab8e1c416a1ca54ddd3207346f0d77fab
110,RedeemUnderlying,1023.1788890796674,1589.6804,16503935:196:0xda9964f8edad6d6efc1a8e758e0ea3f487725c29f1d94d12798c92e66873487e:385:385,1674892283,0xda9964f8edad6d6efc1a8e758e0ea3f487725c29f1d94d12798c92e66873487e,0x87870bca3f3fd6335c3f4ce8392d69350b4fa4e2,18,Wrapped Ether,0xc02aaa39b223fe8d0a0e5c4f27ead9083c756cc2,0xd322a49006fc828f9b5b37ab215f99b4e5cab19c,0xd322a49006fc828f9b5b37ab215f99b4e5cab19c
111,RedeemUnderlying,150.0,1589.6804,16503893:17:0x8c442bff66fa5e046ab71e6e1381982c8588579c7d47fe2c12fbd62040de4c48:26:26,1674891779,0x8c442bff66fa5e046ab71e6e1381982c8588579c7d47fe2c12fbd62040de4c48,0x87870bca3f3fd6335c3f4ce8392d69350b4fa4e2,18,Wrapped Ether,0xc02aaa39b223fe8d0a0e5c4f27ead9083c756cc2,0xd322a49006fc828f9b5b37ab215f99b4e5cab19c,0xd322a49006fc828f9b5b37ab215f99b4e5cab19c
112,RedeemUnderlying,300.0,1589.6804,16503885:5:0x2495f799e636b83f06c7fef4853abebced2c68862e6a43bc005ba85d969ab473:15:15,1674891683,0x2495f799e636b83f06c7fef4853abebced2c68862e6a43bc005ba85d969ab473,0x87870bca3f3fd6335c3f4ce8392d69350b4fa4e2,18,Wrapped Ether,0xc02aaa39b223fe8d0a0e5c4f27ead9083c756cc2,0xd322a49006fc828f9b5b37ab215f99b4e5cab19c,0xd322a49006fc828f9b5b37ab215f99b4e5cab19c
113,RedeemUnderlying,500.0,1589.6804,16503875:5:0xcbed458968d1e2903f479116d840f9e06266dcd575c10a7a1aff037e772321e2:13:13,1674891563,0xcbed458968d1e2903f479116d840f9e06266dcd575c10a7a1aff037e772321e2,0x87870bca3f3fd6335c3f4ce8392d69350b4fa4e2,18,Wrapped Ether,0xc02aaa39b223fe8d0a0e5c4f27ead9083c756cc2,0xd322a49006fc828f9b5b37ab215f99b4e5cab19c,0xd322a49006fc828f9b5b37ab215f99b4e5cab19c
114,RedeemUnderlying,397.065543,1.00003,16503531:94:0x2e45c2d97316675159246ca894ff3304610c38323935ec7d6c7ab2e458a1b518:206:206,1674887435,0x2e45c2d97316675159246ca894ff3304610c38323935ec7d6c7ab2e458a1b518,0x87870bca3f3fd6335c3f4ce8392d69350b4fa4e2,6,USD Coin,0xa0b86991c6218b36c1d19d4a2e9eb0ce3606eb48,0x312ddb5d5ebc730648b16a1de85aa7cc31a75603,0x312ddb5d5ebc730648b16a1de85aa7cc31a75603
115,RedeemUnderlying,216000.36493793677,0.99985111,16503452:71:0x8abbe4c9d04558af0e93df57bf3d439437016db2684d37f1f6adc368173eab96:213:213,1674886487,0x8abbe4c9d04558af0e93df57bf3d439437016db2684d37f1f6adc368173eab96,0x87870bca3f3fd6335c3f4ce8392d69350b4fa4e2,18,Dai Stablecoin,0x6b175474e89094c44da98b954eedeac495271d0f,0x240c7edd8983e4d2fb82d53f474704b4ea67298d,0x240c7edd8983e4d2fb82d53f474704b4ea67298d
116,RedeemUnderlying,7.932695094343202,0.0,16502781:94:0x94056579d1b9f1efbf572ad2fc34c48117d266a51f84d9dd29f68fe8b4f8a242:244:244,1674878375,0x94056579d1b9f1efbf572ad2fc34c48117d266a51f84d9dd29f68fe8b4f8a242,0x87870bca3f3fd6335c3f4ce8392d69350b4fa4e2,18,Wrapped liquid staked Ether 2.0,0x7f39c581f595b53c5cb19bd0b3f8da6c935e2ca0,0xc2890e5308c4bc494c48014d23ecff7435d1e153,0xc2890e5308c4bc494c48014d23ecff7435d1e153
117,RedeemUnderlying,8.1,0.0,16502775:68:0xdbb68d64970f3e0518156131ea2bedcba40f2c7589cd42d674201f2810c4c283:187:187,1674878303,0xdbb68d64970f3e0518156131ea2bedcba40f2c7589cd42d674201f2810c4c283,0x87870bca3f3fd6335c3f4ce8392d69350b4fa4e2,18,Wrapped liquid staked Ether 2.0,0x7f39c581f595b53c5cb19bd0b3f8da6c935e2ca0,0xc2890e5308c4bc494c48014d23ecff7435d1e153,0xc2890e5308c4bc494c48014d23ecff7435d1e153
118,RedeemUnderlying,100000.0,0.99995424,16502701:114:0x5d0b90055229992b2052dcd0a1d230d7e3e6d52a7685649dda4d2031c727fbbd:294:294,1674877415,0x5d0b90055229992b2052dcd0a1d230d7e3e6d52a7685649dda4d2031c727fbbd,0x87870bca3f3fd6335c3f4ce8392d69350b4fa4e2,6,USD Coin,0xa0b86991c6218b36c1d19d4a2e9eb0ce3606eb48,0x5bff9c675d0bea5292df2f54750ae0a5ac4c8d60,0x5bff9c675d0bea5292df2f54750ae0a5ac4c8d60
119,RedeemUnderlying,1005371.209012,0.99995424,16502691:83:0xebc314aeb92dd5e9c7a647736006f4cc64ad1f6805caf14030a6337bbb9da38a:138:138,1674877295,0xebc314aeb92dd5e9c7a647736006f4cc64ad1f6805caf14030a6337bbb9da38a,0x87870bca3f3fd6335c3f4ce8392d69350b4fa4e2,6,USD Coin,0xa0b86991c6218b36c1d19d4a2e9eb0ce3606eb48,0x5bff9c675d0bea5292df2f54750ae0a5ac4c8d60,0x5bff9c675d0bea5292df2f54750ae0a5ac4c8d60
120,RedeemUnderlying,20000.0,1.00008485,16502119:74:0xf0f916f42ce6392ef06302f8a6289056d7ca931fcead91b155a5a3e4d7a8b008:196:196,1674870407,0xf0f916f42ce6392ef06302f8a6289056d7ca931fcead91b155a5a3e4d7a8b008,0x87870bca3f3fd6335c3f4ce8392d69350b4fa4e2,18,Dai Stablecoin,0x6b175474e89094c44da98b954eedeac495271d0f,0xed15ae447d3c94cf7b0a9a64f845921255e5090d,0xed15ae447d3c94cf7b0a9a64f845921255e5090d
121,RedeemUnderlying,70000.0,1.00008485,16502110:107:0x7266c241c2760d088676f1c9aec0581c24ec5c99a90b4203f2fa22898d1183fb:270:270,1674870299,0x7266c241c2760d088676f1c9aec0581c24ec5c99a90b4203f2fa22898d1183fb,0x87870bca3f3fd6335c3f4ce8392d69350b4fa4e2,18,Dai Stablecoin,0x6b175474e89094c44da98b954eedeac495271d0f,0xed15ae447d3c94cf7b0a9a64f845921255e5090d,0xed15ae447d3c94cf7b0a9a64f845921255e5090d
122,RedeemUnderlying,0.7,1602.94,16502069:81:0x9b6ae8cd141361432983c4e3d2e893d94ed23e15c752001f1e48bbf2cd17d6dd:170:170,1674869807,0x9b6ae8cd141361432983c4e3d2e893d94ed23e15c752001f1e48bbf2cd17d6dd,0x87870bca3f3fd6335c3f4ce8392d69350b4fa4e2,18,Wrapped Ether,0xc02aaa39b223fe8d0a0e5c4f27ead9083c756cc2,0x69d52023178740a87b7fa05c9b8921791a4dc0ca,0x69d52023178740a87b7fa05c9b8921791a4dc0ca
123,RedeemUnderlying,17.071447125605072,0.0,16502006:83:0xf1a2cc8ddc3846f93151df903fe63a6603909b468b918185f9b4a6adf0e02e21:296:296,1674869051,0xf1a2cc8ddc3846f93151df903fe63a6603909b468b918185f9b4a6adf0e02e21,0x87870bca3f3fd6335c3f4ce8392d69350b4fa4e2,18,Wrapped liquid staked Ether 2.0,0x7f39c581f595b53c5cb19bd0b3f8da6c935e2ca0,0x1809f186d680f239420b56948c58f8dbbcdf1e18,0x1809f186d680f239420b56948c58f8dbbcdf1e18
124,RedeemUnderlying,20.48621974024872,1602.94,16501999:1:0x612b1597077df980c7e2fc723c19c926a3081628ece3bfb0d8bf969799942eee:15:15,1674868967,0x612b1597077df980c7e2fc723c19c926a3081628ece3bfb0d8bf969799942eee,0x87870bca3f3fd6335c3f4ce8392d69350b4fa4e2,18,Wrapped Ether,0xc02aaa39b223fe8d0a0e5c4f27ead9083c756cc2,0x1809f186d680f239420b56948c58f8dbbcdf1e18,0x1809f186d680f239420b56948c58f8dbbcdf1e18
125,RedeemUnderlying,63767.36469672237,0.99997177,16501865:101:0xdc898aeff1b82c9183ff8c503909026431ba63f5652329ffa257c90c3357ba60:272:272,1674867359,0xdc898aeff1b82c9183ff8c503909026431ba63f5652329ffa257c90c3357ba60,0x87870bca3f3fd6335c3f4ce8392d69350b4fa4e2,18,Dai Stablecoin,0x6b175474e89094c44da98b954eedeac495271d0f,0xc75b143301cf47a3ad096ed904f5e3f0831a57fb,0xc75b143301cf47a3ad096ed904f5e3f0831a57fb
126,RedeemUnderlying,1.0000027826294933,1589.6,16501091:157:0x3333fbddfbc1391f20d66f7df2bce23fd78cd82ffe0cafcef1310ee4ba406dbe:339:339,1674858011,0x3333fbddfbc1391f20d66f7df2bce23fd78cd82ffe0cafcef1310ee4ba406dbe,0x87870bca3f3fd6335c3f4ce8392d69350b4fa4e2,18,Wrapped Ether,0xc02aaa39b223fe8d0a0e5c4f27ead9083c756cc2,0xd322a49006fc828f9b5b37ab215f99b4e5cab19c,0xd322a49006fc828f9b5b37ab215f99b4e5cab19c
127,RedeemUnderlying,14.0,1589.6,16501047:67:0x8093f71930d868d97d2444b4224e2d501b6db18e0776e7e99047b48dbb8c5ac4:244:244,1674857483,0x8093f71930d868d97d2444b4224e2d501b6db18e0776e7e99047b48dbb8c5ac4,0x87870bca3f3fd6335c3f4ce8392d69350b4fa4e2,18,Wrapped Ether,0xc02aaa39b223fe8d0a0e5c4f27ead9083c756cc2,0xd322a49006fc828f9b5b37ab215f99b4e5cab19c,0xd322a49006fc828f9b5b37ab215f99b4e5cab19c
128,RedeemUnderlying,5000.248860428721,1.00042643,16500735:91:0x930789970907ff96e4ce97f5941b478be710b1be3e9bcd4a672d48ac219e6229:219:219,1674853715,0x930789970907ff96e4ce97f5941b478be710b1be3e9bcd4a672d48ac219e6229,0x87870bca3f3fd6335c3f4ce8392d69350b4fa4e2,18,Dai Stablecoin,0x6b175474e89094c44da98b954eedeac495271d0f,0x29c63e01ad48728a0768bb575e3e2a5b867bd7de,0x29c63e01ad48728a0768bb575e3e2a5b867bd7de
129,RedeemUnderlying,1575.103302,0.99995424,16500481:80:0x3c386ecdab4b67833ab52fcda4501ef15fcc1d6962cea1884898a290401f80a1:260:260,1674850643,0x3c386ecdab4b67833ab52fcda4501ef15fcc1d6962cea1884898a290401f80a1,0x87870bca3f3fd6335c3f4ce8392d69350b4fa4e2,6,USD Coin,0xa0b86991c6218b36c1d19d4a2e9eb0ce3606eb48,0xbaae6bb4c6d4246f75e9d5eb1a1890203a09218a,0xbaae6bb4c6d4246f75e9d5eb1a1890203a09218a
130,RedeemUnderlying,0.04294322,0.0,16499772:91:0xdbe5606376fc0dc68d4fe63af6253d09f841368c81681cbbb7c7b595b47771d0:258:258,1674842087,0xdbe5606376fc0dc68d4fe63af6253d09f841368c81681cbbb7c7b595b47771d0,0x87870bca3f3fd6335c3f4ce8392d69350b4fa4e2,8,Wrapped BTC,0x2260fac5e5542a773aa44fbcfedf7c193bc2c599,0xe465f51ecc1345e1b241a3e196e7de151814a69e,0xe465f51ecc1345e1b241a3e196e7de151814a69e
131,RedeemUnderlying,0.100000025928324,1596.87793,16499763:133:0xd5b4980f82726395e2973a84c3d018158f82084c03e6600a30133c2e13028dbe:279:279,1674841967,0xd5b4980f82726395e2973a84c3d018158f82084c03e6600a30133c2e13028dbe,0x87870bca3f3fd6335c3f4ce8392d69350b4fa4e2,18,Wrapped Ether,0xc02aaa39b223fe8d0a0e5c4f27ead9083c756cc2,0xd322a49006fc828f9b5b37ab215f99b4e5cab19c,0xd322a49006fc828f9b5b37ab215f99b4e5cab19c
132,RedeemUnderlying,0.0553776,0.0,16499704:109:0x3953cdb5f14eaaebc51d3d62c2f0e5b108b8555308c438e616499dca9a650c55:179:179,1674841247,0x3953cdb5f14eaaebc51d3d62c2f0e5b108b8555308c438e616499dca9a650c55,0x87870bca3f3fd6335c3f4ce8392d69350b4fa4e2,8,Wrapped BTC,0x2260fac5e5542a773aa44fbcfedf7c193bc2c599,0xe9670b472796db7f88ca9973f58aed7889fbe424,0xe9670b472796db7f88ca9973f58aed7889fbe424
133,RedeemUnderlying,150.0,1.00010174,16499544:156:0xdac7af4aa4a61f67362c68827d3b2954b8572457416a7546448027f9b69c0648:288:288,1674839315,0xdac7af4aa4a61f67362c68827d3b2954b8572457416a7546448027f9b69c0648,0x87870bca3f3fd6335c3f4ce8392d69350b4fa4e2,18,Dai Stablecoin,0x6b175474e89094c44da98b954eedeac495271d0f,0x1144ec667824e39689ce089ad8d81f94875d9a64,0x1144ec667824e39689ce089ad8d81f94875d9a64
134,RedeemUnderlying,0.9000000510753902,0.0,16498957:119:0x387238be4db86ac78b4250974d4a5495e42a658a6ce3acf6cb7ecba7d7055431:200:200,1674832235,0x387238be4db86ac78b4250974d4a5495e42a658a6ce3acf6cb7ecba7d7055431,0x87870bca3f3fd6335c3f4ce8392d69350b4fa4e2,18,Wrapped liquid staked Ether 2.0,0x7f39c581f595b53c5cb19bd0b3f8da6c935e2ca0,0xde96b44122033016c6fc8671740b78eca7a5a9f4,0xde96b44122033016c6fc8671740b78eca7a5a9f4
135,RedeemUnderlying,0.7574323910091562,0.0,16498791:157:0x0fac808d5256ad3d320305d25e963f7f3d1b9dde9f1efbcf050ed02a297322a9:205:205,1674830231,0x0fac808d5256ad3d320305d25e963f7f3d1b9dde9f1efbcf050ed02a297322a9,0x87870bca3f3fd6335c3f4ce8392d69350b4fa4e2,18,Wrapped liquid staked Ether 2.0,0x7f39c581f595b53c5cb19bd0b3f8da6c935e2ca0,0x391a5d025b8d9d7033cddad1db516c8324f56c53,0x391a5d025b8d9d7033cddad1db516c8324f56c53
136,RedeemUnderlying,64390.36380972636,0.99964963,16498729:135:0x9024cba23436990ac2ffd4574279b9ce46e07bc956a8a9de8f3ce1398a5b9033:276:276,1674829487,0x9024cba23436990ac2ffd4574279b9ce46e07bc956a8a9de8f3ce1398a5b9033,0x87870bca3f3fd6335c3f4ce8392d69350b4fa4e2,18,Dai Stablecoin,0x6b175474e89094c44da98b954eedeac495271d0f,0xc75b143301cf47a3ad096ed904f5e3f0831a57fb,0xc75b143301cf47a3ad096ed904f5e3f0831a57fb
137,RedeemUnderlying,42.21479190919659,0.0,16498610:316:0x7d5ba53376369920bbaecd71899db04a4a43aa40eda3b8de3f7ca7bdcb27b379:559:559,1674828059,0x7d5ba53376369920bbaecd71899db04a4a43aa40eda3b8de3f7ca7bdcb27b379,0x87870bca3f3fd6335c3f4ce8392d69350b4fa4e2,18,Wrapped liquid staked Ether 2.0,0x7f39c581f595b53c5cb19bd0b3f8da6c935e2ca0,0x6cd71d6cb7824add7c277f2ca99635d98f8b9248,0x21e9f6af91bd687a4856a7dbe4d7f59e9be275f2
138,RedeemUnderlying,2350.126776,0.99995424,16498594:107:0x2e877d03bb052edf0780b87ade84e8fbe21681727bf055d3b79f512bb24898c9:186:186,1674827867,0x2e877d03bb052edf0780b87ade84e8fbe21681727bf055d3b79f512bb24898c9,0x87870bca3f3fd6335c3f4ce8392d69350b4fa4e2,6,USD Coin,0xa0b86991c6218b36c1d19d4a2e9eb0ce3606eb48,0x2fa11ef008c4b585ccf0a76861794ac7ae5a3a67,0x2fa11ef008c4b585ccf0a76861794ac7ae5a3a67
139,RedeemUnderlying,0.1524755131079353,1576.6787723,16498327:30:0xe693f6f0947a963e0a661ea47759a3a74c7d9cc29b52fcd9db7a05811cf3fd0d:58:58,1674824627,0xe693f6f0947a963e0a661ea47759a3a74c7d9cc29b52fcd9db7a05811cf3fd0d,0x87870bca3f3fd6335c3f4ce8392d69350b4fa4e2,18,Wrapped Ether,0xc02aaa39b223fe8d0a0e5c4f27ead9083c756cc2,0xd322a49006fc828f9b5b37ab215f99b4e5cab19c,0xd322a49006fc828f9b5b37ab215f99b4e5cab19c
140,RedeemUnderlying,11.00000054783701,1577.07003804,16498232:76:0x568f7b250f6feccbcf7d7d257ddad08abd76be703e090b11296c6c513f3325a0:165:165,1674823487,0x568f7b250f6feccbcf7d7d257ddad08abd76be703e090b11296c6c513f3325a0,0x87870bca3f3fd6335c3f4ce8392d69350b4fa4e2,18,Wrapped Ether,0xc02aaa39b223fe8d0a0e5c4f27ead9083c756cc2,0x872fbcb1b582e8cd0d0dd4327fbfa0b4c2730995,0x872fbcb1b582e8cd0d0dd4327fbfa0b4c2730995
141,RedeemUnderlying,9.0,1577.07003804,16498211:56:0x4111ba18b284d459bceb74b7dc9a0ed7a56c02a612c06eb27271d8a52cc99cd7:89:89,1674823235,0x4111ba18b284d459bceb74b7dc9a0ed7a56c02a612c06eb27271d8a52cc99cd7,0x87870bca3f3fd6335c3f4ce8392d69350b4fa4e2,18,Wrapped Ether,0xc02aaa39b223fe8d0a0e5c4f27ead9083c756cc2,0x872fbcb1b582e8cd0d0dd4327fbfa0b4c2730995,0x872fbcb1b582e8cd0d0dd4327fbfa0b4c2730995
142,RedeemUnderlying,100.000081,0.99995424,16498080:126:0x282618dfe121c3e4a7bb8d16c150a584120fffb02e93e1b2a4286261a3acfc41:301:301,1674821651,0x282618dfe121c3e4a7bb8d16c150a584120fffb02e93e1b2a4286261a3acfc41,0x87870bca3f3fd6335c3f4ce8392d69350b4fa4e2,6,USD Coin,0xa0b86991c6218b36c1d19d4a2e9eb0ce3606eb48,0xef22a550eb632055e58c2f20487b1a9a12a66d29,0xef22a550eb632055e58c2f20487b1a9a12a66d29
143,RedeemUnderlying,6.219465394125396,0.0,16497491:63:0xa902d3a7aad13223fcad73909cb3001f6bb088eb5b3b3791c5c6a47bad4946e3:236:236,1674814535,0xa902d3a7aad13223fcad73909cb3001f6bb088eb5b3b3791c5c6a47bad4946e3,0x87870bca3f3fd6335c3f4ce8392d69350b4fa4e2,18,Wrapped liquid staked Ether 2.0,0x7f39c581f595b53c5cb19bd0b3f8da6c935e2ca0,0x5ccd3d48e4fd0f2f0fd717b7c7f1f721cdfc3802,0x5ccd3d48e4fd0f2f0fd717b7c7f1f721cdfc3802
144,RedeemUnderlying,0.001,1585.87,16496928:62:0x4a88a8c6a43b5df2ee59ebcf266225fbc5b876f202009422f0f9d05cc4915f35:113:113,1674807743,0x4a88a8c6a43b5df2ee59ebcf266225fbc5b876f202009422f0f9d05cc4915f35,0x87870bca3f3fd6335c3f4ce8392d69350b4fa4e2,18,Wrapped Ether,0xc02aaa39b223fe8d0a0e5c4f27ead9083c756cc2,0x872fbcb1b582e8cd0d0dd4327fbfa0b4c2730995,0x872fbcb1b582e8cd0d0dd4327fbfa0b4c2730995
