,blockNumber,timestamp_hours,id,inputTokenPriceUSD,outputTokenPriceUSD,snapshot_timestamp,reserve_name,protocol_name,protocol,datetime
0,16530243,465335,0x98c23e9d8f34fefb1b7bd6a91b7ff122f4e16f5cb7190700,1.0002872,,1675209551,USD Coin,Aave v3,Aave,2023-01-31 23:00:00+00:00
1,16530236,465335,0x5ee5bf7ae06d1be5997a1a72006fe6c607ec6de8b7190700,23121.10874944,,1675209467,Wrapped BTC,Aave v3,Aave,2023-01-31 23:00:00+00:00
2,16530211,465335,0x5e8c8a7243651db1384c0ddfdbe39761e8e7e51ab7190700,6.96585374,,1675209167,ChainLink Token,Aave v3,Aave,2023-01-31 23:00:00+00:00
3,16530171,465335,0x4d5f47fa6a74757f35c14fd3a6ef8e3c9bc514e8b7190700,1585.19792,,1675208687,Wrapped Ether,Aave v3,Aave,2023-01-31 23:00:00+00:00
4,16529865,465334,0x98c23e9d8f34fefb1b7bd6a91b7ff122f4e16f5cb6190700,1.0002872,,1675205003,USD Coin,Aave v3,Aave,2023-01-31 22:00:00+00:00
5,16529858,465334,0x4d5f47fa6a74757f35c14fd3a6ef8e3c9bc514e8b6190700,1575.325,,1675204919,Wrapped Ether,Aave v3,Aave,2023-01-31 22:00:00+00:00
6,16529547,465333,0x98c23e9d8f34fefb1b7bd6a91b7ff122f4e16f5cb5190700,1.0002872,,1675201115,USD Coin,Aave v3,Aave,2023-01-31 21:00:00+00:00
7,16529528,465333,0x4d5f47fa6a74757f35c14fd3a6ef8e3c9bc514e8b5190700,1573.70022,,1675200887,Wrapped Ether,Aave v3,Aave,2023-01-31 21:00:00+00:00
8,16529407,465333,0x0b925ed163218f6662a35e0f0371ac234f9e9371b5190700,1755.2153722,,1675199423,Wrapped liquid staked Ether 2.0,Aave v3,Aave,2023-01-31 21:00:00+00:00
9,16529345,465332,0x98c23e9d8f34fefb1b7bd6a91b7ff122f4e16f5cb4190700,1.0002872,,1675198679,USD Coin,Aave v3,Aave,2023-01-31 20:00:00+00:00
10,16529329,465332,0x018008bfb33d285247a21d44e50697654f754e63b4190700,1.00104427,,1675198487,Dai Stablecoin,Aave v3,Aave,2023-01-31 20:00:00+00:00
11,16529286,465332,0x4d5f47fa6a74757f35c14fd3a6ef8e3c9bc514e8b4190700,1589.805,,1675197971,Wrapped Ether,Aave v3,Aave,2023-01-31 20:00:00+00:00
12,16529223,465332,0x0b925ed163218f6662a35e0f0371ac234f9e9371b4190700,1754.15717505,,1675197203,Wrapped liquid staked Ether 2.0,Aave v3,Aave,2023-01-31 20:00:00+00:00
13,16529052,465331,0x4d5f47fa6a74757f35c14fd3a6ef8e3c9bc514e8b3190700,1597.80767,,1675195151,Wrapped Ether,Aave v3,Aave,2023-01-31 19:00:00+00:00
14,16529028,465331,0x0b925ed163218f6662a35e0f0371ac234f9e9371b3190700,1759.60234956,,1675194863,Wrapped liquid staked Ether 2.0,Aave v3,Aave,2023-01-31 19:00:00+00:00
15,16528864,465331,0x018008bfb33d285247a21d44e50697654f754e63b3190700,1.0007523,,1675192895,Dai Stablecoin,Aave v3,Aave,2023-01-31 19:00:00+00:00
16,16528743,465330,0x98c23e9d8f34fefb1b7bd6a91b7ff122f4e16f5cb2190700,1.0002872,,1675191443,USD Coin,Aave v3,Aave,2023-01-31 18:00:00+00:00
17,16528743,465330,0x0b925ed163218f6662a35e0f0371ac234f9e9371b2190700,1759.60234956,,1675191443,Wrapped liquid staked Ether 2.0,Aave v3,Aave,2023-01-31 18:00:00+00:00
18,16528718,465330,0x018008bfb33d285247a21d44e50697654f754e63b2190700,0.99999137,,1675191143,Dai Stablecoin,Aave v3,Aave,2023-01-31 18:00:00+00:00
19,16528660,465330,0x4d5f47fa6a74757f35c14fd3a6ef8e3c9bc514e8b2190700,1592.695,,1675190447,Wrapped Ether,Aave v3,Aave,2023-01-31 18:00:00+00:00
20,16528407,465329,0x4d5f47fa6a74757f35c14fd3a6ef8e3c9bc514e8b1190700,1593.768105,,1675187375,Wrapped Ether,Aave v3,Aave,2023-01-31 17:00:00+00:00
21,16528402,465329,0x5ee5bf7ae06d1be5997a1a72006fe6c607ec6de8b1190700,23044.99748354,,1675187315,Wrapped BTC,Aave v3,Aave,2023-01-31 17:00:00+00:00
22,16528399,465329,0x0b925ed163218f6662a35e0f0371ac234f9e9371b1190700,1758.5299812,,1675187279,Wrapped liquid staked Ether 2.0,Aave v3,Aave,2023-01-31 17:00:00+00:00
23,16528251,465329,0x98c23e9d8f34fefb1b7bd6a91b7ff122f4e16f5cb1190700,1.0002872,,1675185503,USD Coin,Aave v3,Aave,2023-01-31 17:00:00+00:00
24,16528249,465329,0xa700b4eb416be35b2911fd5dee80678ff64ff6c9b1190700,82.55,,1675185479,Aave Token,Aave v3,Aave,2023-01-31 17:00:00+00:00
25,16528151,465328,0x4d5f47fa6a74757f35c14fd3a6ef8e3c9bc514e8b0190700,1593.768105,,1675184303,Wrapped Ether,Aave v3,Aave,2023-01-31 16:00:00+00:00
26,16528151,465328,0x0b925ed163218f6662a35e0f0371ac234f9e9371b0190700,1758.5299812,,1675184303,Wrapped liquid staked Ether 2.0,Aave v3,Aave,2023-01-31 16:00:00+00:00
27,16528051,465328,0x018008bfb33d285247a21d44e50697654f754e63b0190700,0.99983326,,1675183103,Dai Stablecoin,Aave v3,Aave,2023-01-31 16:00:00+00:00
28,16527839,465327,0x018008bfb33d285247a21d44e50697654f754e63af190700,0.99983326,,1675180547,Dai Stablecoin,Aave v3,Aave,2023-01-31 15:00:00+00:00
29,16527762,465327,0x98c23e9d8f34fefb1b7bd6a91b7ff122f4e16f5caf190700,1.0002872,,1675179623,USD Coin,Aave v3,Aave,2023-01-31 15:00:00+00:00
30,16527756,465327,0x4d5f47fa6a74757f35c14fd3a6ef8e3c9bc514e8af190700,1594.83639,,1675179551,Wrapped Ether,Aave v3,Aave,2023-01-31 15:00:00+00:00
31,16527691,465327,0x5ee5bf7ae06d1be5997a1a72006fe6c607ec6de8af190700,23104.97828302,,1675178771,Wrapped BTC,Aave v3,Aave,2023-01-31 15:00:00+00:00
32,16527546,465326,0x5ee5bf7ae06d1be5997a1a72006fe6c607ec6de8ae190700,23104.97828302,,1675177031,Wrapped BTC,Aave v3,Aave,2023-01-31 14:00:00+00:00
33,16527543,465326,0x98c23e9d8f34fefb1b7bd6a91b7ff122f4e16f5cae190700,1.0002872,,1675176995,USD Coin,Aave v3,Aave,2023-01-31 14:00:00+00:00
34,16527525,465326,0x4d5f47fa6a74757f35c14fd3a6ef8e3c9bc514e8ae190700,1585.44,,1675176779,Wrapped Ether,Aave v3,Aave,2023-01-31 14:00:00+00:00
35,16527525,465326,0x0b925ed163218f6662a35e0f0371ac234f9e9371ae190700,1749.34092647,,1675176779,Wrapped liquid staked Ether 2.0,Aave v3,Aave,2023-01-31 14:00:00+00:00
36,16527514,465326,0x018008bfb33d285247a21d44e50697654f754e63ae190700,1.00023371,,1675176647,Dai Stablecoin,Aave v3,Aave,2023-01-31 14:00:00+00:00
37,16527248,465325,0x98c23e9d8f34fefb1b7bd6a91b7ff122f4e16f5cad190700,1.0002872,,1675173443,USD Coin,Aave v3,Aave,2023-01-31 13:00:00+00:00
38,16527195,465325,0x4d5f47fa6a74757f35c14fd3a6ef8e3c9bc514e8ad190700,1583.83991,,1675172807,Wrapped Ether,Aave v3,Aave,2023-01-31 13:00:00+00:00
39,16527195,465325,0x0b925ed163218f6662a35e0f0371ac234f9e9371ad190700,1751.03693937,,1675172807,Wrapped liquid staked Ether 2.0,Aave v3,Aave,2023-01-31 13:00:00+00:00
40,16527074,465325,0x018008bfb33d285247a21d44e50697654f754e63ad190700,1.00013079,,1675171355,Dai Stablecoin,Aave v3,Aave,2023-01-31 13:00:00+00:00
41,16526948,465324,0x98c23e9d8f34fefb1b7bd6a91b7ff122f4e16f5cac190700,1.0002872,,1675169819,USD Coin,Aave v3,Aave,2023-01-31 12:00:00+00:00
42,16526833,465324,0x4d5f47fa6a74757f35c14fd3a6ef8e3c9bc514e8ac190700,1571.65107288,,1675168427,Wrapped Ether,Aave v3,Aave,2023-01-31 12:00:00+00:00
43,16526820,465324,0x5ee5bf7ae06d1be5997a1a72006fe6c607ec6de8ac190700,22810.1548375,,1675168259,Wrapped BTC,Aave v3,Aave,2023-01-31 12:00:00+00:00
44,16526814,465324,0x0b925ed163218f6662a35e0f0371ac234f9e9371ac190700,1737.5613956,,1675168187,Wrapped liquid staked Ether 2.0,Aave v3,Aave,2023-01-31 12:00:00+00:00
45,16526781,465324,0xa700b4eb416be35b2911fd5dee80678ff64ff6c9ac190700,81.1453308,,1675167791,Aave Token,Aave v3,Aave,2023-01-31 12:00:00+00:00
46,16526755,465324,0x018008bfb33d285247a21d44e50697654f754e63ac190700,1.00048945,,1675167479,Dai Stablecoin,Aave v3,Aave,2023-01-31 12:00:00+00:00
47,16526644,465323,0x98c23e9d8f34fefb1b7bd6a91b7ff122f4e16f5cab190700,1.0002872,,1675166147,USD Coin,Aave v3,Aave,2023-01-31 11:00:00+00:00
48,16526619,465323,0x4d5f47fa6a74757f35c14fd3a6ef8e3c9bc514e8ab190700,1569.22065,,1675165847,Wrapped Ether,Aave v3,Aave,2023-01-31 11:00:00+00:00
49,16526606,465323,0x0b925ed163218f6662a35e0f0371ac234f9e9371ab190700,1734.64435153,,1675165691,Wrapped liquid staked Ether 2.0,Aave v3,Aave,2023-01-31 11:00:00+00:00
50,16526592,465323,0x5ee5bf7ae06d1be5997a1a72006fe6c607ec6de8ab190700,22781.96154754,,1675165523,Wrapped BTC,Aave v3,Aave,2023-01-31 11:00:00+00:00
51,16526592,465323,0x018008bfb33d285247a21d44e50697654f754e63ab190700,0.99986744,,1675165523,Dai Stablecoin,Aave v3,Aave,2023-01-31 11:00:00+00:00
52,16526365,465322,0x98c23e9d8f34fefb1b7bd6a91b7ff122f4e16f5caa190700,1.0002872,,1675162787,USD Coin,Aave v3,Aave,2023-01-31 10:00:00+00:00
53,16526346,465322,0x4d5f47fa6a74757f35c14fd3a6ef8e3c9bc514e8aa190700,1569.22065,,1675162559,Wrapped Ether,Aave v3,Aave,2023-01-31 10:00:00+00:00
54,16526315,465322,0x018008bfb33d285247a21d44e50697654f754e63aa190700,1.00012629,,1675162187,Dai Stablecoin,Aave v3,Aave,2023-01-31 10:00:00+00:00
55,16526234,465322,0x0b925ed163218f6662a35e0f0371ac234f9e9371aa190700,1737.59366258,,1675161203,Wrapped liquid staked Ether 2.0,Aave v3,Aave,2023-01-31 10:00:00+00:00
56,16526047,465321,0x98c23e9d8f34fefb1b7bd6a91b7ff122f4e16f5ca9190700,1.0002872,,1675158947,USD Coin,Aave v3,Aave,2023-01-31 09:00:00+00:00
57,16526047,465321,0x5ee5bf7ae06d1be5997a1a72006fe6c607ec6de8a9190700,22826.9928077,,1675158947,Wrapped BTC,Aave v3,Aave,2023-01-31 09:00:00+00:00
58,16526047,465321,0x4d5f47fa6a74757f35c14fd3a6ef8e3c9bc514e8a9190700,1571.88870113,,1675158947,Wrapped Ether,Aave v3,Aave,2023-01-31 09:00:00+00:00
59,16525996,465321,0x0b925ed163218f6662a35e0f0371ac234f9e9371a9190700,1734.60228418,,1675158335,Wrapped liquid staked Ether 2.0,Aave v3,Aave,2023-01-31 09:00:00+00:00
60,16525934,465321,0x018008bfb33d285247a21d44e50697654f754e63a9190700,1.00023751,,1675157579,Dai Stablecoin,Aave v3,Aave,2023-01-31 09:00:00+00:00
61,16525769,465320,0x0b925ed163218f6662a35e0f0371ac234f9e9371a8190700,1734.60228418,,1675155575,Wrapped liquid staked Ether 2.0,Aave v3,Aave,2023-01-31 08:00:00+00:00
62,16525698,465320,0x98c23e9d8f34fefb1b7bd6a91b7ff122f4e16f5ca8190700,1.0002872,,1675154711,USD Coin,Aave v3,Aave,2023-01-31 08:00:00+00:00
63,16525698,465320,0x5ee5bf7ae06d1be5997a1a72006fe6c607ec6de8a8190700,22913.05569831,,1675154711,Wrapped BTC,Aave v3,Aave,2023-01-31 08:00:00+00:00
64,16525698,465320,0x4d5f47fa6a74757f35c14fd3a6ef8e3c9bc514e8a8190700,1571.76077144,,1675154711,Wrapped Ether,Aave v3,Aave,2023-01-31 08:00:00+00:00
65,16525613,465320,0xa700b4eb416be35b2911fd5dee80678ff64ff6c9a8190700,81.57,,1675153691,Aave Token,Aave v3,Aave,2023-01-31 08:00:00+00:00
66,16525465,465319,0x98c23e9d8f34fefb1b7bd6a91b7ff122f4e16f5ca7190700,1.0002872,,1675151915,USD Coin,Aave v3,Aave,2023-01-31 07:00:00+00:00
67,16525451,465319,0x4d5f47fa6a74757f35c14fd3a6ef8e3c9bc514e8a7190700,1578.67800812,,1675151747,Wrapped Ether,Aave v3,Aave,2023-01-31 07:00:00+00:00
68,16525433,465319,0x5ee5bf7ae06d1be5997a1a72006fe6c607ec6de8a7190700,22890.43952409,,1675151531,Wrapped BTC,Aave v3,Aave,2023-01-31 07:00:00+00:00
69,16525400,465319,0x5e8c8a7243651db1384c0ddfdbe39761e8e7e51aa7190700,6.985,,1675151135,ChainLink Token,Aave v3,Aave,2023-01-31 07:00:00+00:00
70,16525389,465319,0xa700b4eb416be35b2911fd5dee80678ff64ff6c9a7190700,80.54087175,,1675151003,Aave Token,Aave v3,Aave,2023-01-31 07:00:00+00:00
71,16525351,465319,0x018008bfb33d285247a21d44e50697654f754e63a7190700,1.00009377,,1675150547,Dai Stablecoin,Aave v3,Aave,2023-01-31 07:00:00+00:00
72,16525111,465318,0x018008bfb33d285247a21d44e50697654f754e63a6190700,1.00052275,,1675147643,Dai Stablecoin,Aave v3,Aave,2023-01-31 06:00:00+00:00
73,16525094,465318,0x5ee5bf7ae06d1be5997a1a72006fe6c607ec6de8a6190700,22755.11646509,,1675147439,Wrapped BTC,Aave v3,Aave,2023-01-31 06:00:00+00:00
74,16525094,465318,0x4d5f47fa6a74757f35c14fd3a6ef8e3c9bc514e8a6190700,1566.67873829,,1675147439,Wrapped Ether,Aave v3,Aave,2023-01-31 06:00:00+00:00
75,16525088,465318,0x0b925ed163218f6662a35e0f0371ac234f9e9371a6190700,1731.83447722,,1675147367,Wrapped liquid staked Ether 2.0,Aave v3,Aave,2023-01-31 06:00:00+00:00
76,16524922,465318,0x98c23e9d8f34fefb1b7bd6a91b7ff122f4e16f5ca6190700,1.0002872,,1675145363,USD Coin,Aave v3,Aave,2023-01-31 06:00:00+00:00
77,16524778,465317,0x0b925ed163218f6662a35e0f0371ac234f9e9371a5190700,1736.82774729,,1675143635,Wrapped liquid staked Ether 2.0,Aave v3,Aave,2023-01-31 05:00:00+00:00
78,16524774,465317,0x98c23e9d8f34fefb1b7bd6a91b7ff122f4e16f5ca5190700,0.99994455,,1675143587,USD Coin,Aave v3,Aave,2023-01-31 05:00:00+00:00
79,16524747,465317,0x5e8c8a7243651db1384c0ddfdbe39761e8e7e51aa5190700,6.98279328,,1675143263,ChainLink Token,Aave v3,Aave,2023-01-31 05:00:00+00:00
80,16524747,465317,0x4d5f47fa6a74757f35c14fd3a6ef8e3c9bc514e8a5190700,1571.19582706,,1675143263,Wrapped Ether,Aave v3,Aave,2023-01-31 05:00:00+00:00
81,16524747,465317,0x018008bfb33d285247a21d44e50697654f754e63a5190700,1.00037208,,1675143263,Dai Stablecoin,Aave v3,Aave,2023-01-31 05:00:00+00:00
82,16524520,465316,0x98c23e9d8f34fefb1b7bd6a91b7ff122f4e16f5ca4190700,0.99994455,,1675140503,USD Coin,Aave v3,Aave,2023-01-31 04:00:00+00:00
83,16524476,465316,0x4d5f47fa6a74757f35c14fd3a6ef8e3c9bc514e8a4190700,1569.37395867,,1675139975,Wrapped Ether,Aave v3,Aave,2023-01-31 04:00:00+00:00
84,16524232,465315,0x4d5f47fa6a74757f35c14fd3a6ef8e3c9bc514e8a3190700,1571.9643,,1675137035,Wrapped Ether,Aave v3,Aave,2023-01-31 03:00:00+00:00
85,16524232,465315,0x018008bfb33d285247a21d44e50697654f754e63a3190700,1.00026455,,1675137035,Dai Stablecoin,Aave v3,Aave,2023-01-31 03:00:00+00:00
86,16524168,465315,0xa700b4eb416be35b2911fd5dee80678ff64ff6c9a3190700,81.407585,,1675136267,Aave Token,Aave v3,Aave,2023-01-31 03:00:00+00:00
87,16524010,465315,0x98c23e9d8f34fefb1b7bd6a91b7ff122f4e16f5ca3190700,0.99994455,,1675134371,USD Coin,Aave v3,Aave,2023-01-31 03:00:00+00:00
88,16523935,465314,0x4d5f47fa6a74757f35c14fd3a6ef8e3c9bc514e8a2190700,1572.02,,1675133471,Wrapped Ether,Aave v3,Aave,2023-01-31 02:00:00+00:00
89,16523785,465314,0x0b925ed163218f6662a35e0f0371ac234f9e9371a2190700,1737.73880269,,1675131659,Wrapped liquid staked Ether 2.0,Aave v3,Aave,2023-01-31 02:00:00+00:00
90,16523680,465313,0x4d5f47fa6a74757f35c14fd3a6ef8e3c9bc514e8a1190700,1572.02,,1675130387,Wrapped Ether,Aave v3,Aave,2023-01-31 01:00:00+00:00
91,16523648,465313,0x98c23e9d8f34fefb1b7bd6a91b7ff122f4e16f5ca1190700,0.99994455,,1675130003,USD Coin,Aave v3,Aave,2023-01-31 01:00:00+00:00
92,16523580,465313,0x5e8c8a7243651db1384c0ddfdbe39761e8e7e51aa1190700,6.94509238,,1675129187,ChainLink Token,Aave v3,Aave,2023-01-31 01:00:00+00:00
93,16523356,465312,0x018008bfb33d285247a21d44e50697654f754e63a0190700,0.99982563,,1675126475,Dai Stablecoin,Aave v3,Aave,2023-01-31 00:00:00+00:00
94,16523346,465312,0x5ee5bf7ae06d1be5997a1a72006fe6c607ec6de8a0190700,22773.44531411,,1675126355,Wrapped BTC,Aave v3,Aave,2023-01-31 00:00:00+00:00
95,16523322,465312,0x0b925ed163218f6662a35e0f0371ac234f9e9371a0190700,1732.69809777,,1675126067,Wrapped liquid staked Ether 2.0,Aave v3,Aave,2023-01-31 00:00:00+00:00
96,16523155,465312,0x98c23e9d8f34fefb1b7bd6a91b7ff122f4e16f5ca0190700,0.99994455,,1675124051,USD Coin,Aave v3,Aave,2023-01-31 00:00:00+00:00
97,16523143,465312,0x4d5f47fa6a74757f35c14fd3a6ef8e3c9bc514e8a0190700,1567.46,,1675123907,Wrapped Ether,Aave v3,Aave,2023-01-31 00:00:00+00:00
98,16522992,465311,0x98c23e9d8f34fefb1b7bd6a91b7ff122f4e16f5c9f190700,0.99994455,,1675122095,USD Coin,Aave v3,Aave,2023-01-30 23:00:00+00:00
99,16522939,465311,0x0b925ed163218f6662a35e0f0371ac234f9e93719f190700,1724.41582675,,1675121459,Wrapped liquid staked Ether 2.0,Aave v3,Aave,2023-01-30 23:00:00+00:00
100,16522934,465311,0x4d5f47fa6a74757f35c14fd3a6ef8e3c9bc514e89f190700,1559.96756462,,1675121399,Wrapped Ether,Aave v3,Aave,2023-01-30 23:00:00+00:00
101,16522915,465311,0x018008bfb33d285247a21d44e50697654f754e639f190700,0.99992459,,1675121171,Dai Stablecoin,Aave v3,Aave,2023-01-30 23:00:00+00:00
102,16522711,465310,0x98c23e9d8f34fefb1b7bd6a91b7ff122f4e16f5c9e190700,0.99994455,,1675118723,USD Coin,Aave v3,Aave,2023-01-30 22:00:00+00:00
103,16522621,465310,0x4d5f47fa6a74757f35c14fd3a6ef8e3c9bc514e89e190700,1555.14,,1675117643,Wrapped Ether,Aave v3,Aave,2023-01-30 22:00:00+00:00
104,16522464,465309,0x4d5f47fa6a74757f35c14fd3a6ef8e3c9bc514e89d190700,1555.14,,1675115747,Wrapped Ether,Aave v3,Aave,2023-01-30 21:00:00+00:00
105,16522449,465309,0x98c23e9d8f34fefb1b7bd6a91b7ff122f4e16f5c9d190700,0.99994455,,1675115567,USD Coin,Aave v3,Aave,2023-01-30 21:00:00+00:00
106,16522400,465309,0x018008bfb33d285247a21d44e50697654f754e639d190700,0.99974473,,1675114979,Dai Stablecoin,Aave v3,Aave,2023-01-30 21:00:00+00:00
107,16522306,465309,0x5ee5bf7ae06d1be5997a1a72006fe6c607ec6de89d190700,22679.76372788,,1675113839,Wrapped BTC,Aave v3,Aave,2023-01-30 21:00:00+00:00
108,16522151,465308,0x4d5f47fa6a74757f35c14fd3a6ef8e3c9bc514e89c190700,1543.96,,1675111979,Wrapped Ether,Aave v3,Aave,2023-01-30 20:00:00+00:00
109,16522056,465308,0x98c23e9d8f34fefb1b7bd6a91b7ff122f4e16f5c9c190700,0.99994455,,1675110827,USD Coin,Aave v3,Aave,2023-01-30 20:00:00+00:00
110,16522056,465308,0x5ee5bf7ae06d1be5997a1a72006fe6c607ec6de89c190700,22613.55210853,,1675110827,Wrapped BTC,Aave v3,Aave,2023-01-30 20:00:00+00:00
111,16521843,465307,0x98c23e9d8f34fefb1b7bd6a91b7ff122f4e16f5c9b190700,0.99994455,,1675108247,USD Coin,Aave v3,Aave,2023-01-30 19:00:00+00:00
112,16521648,465307,0x4d5f47fa6a74757f35c14fd3a6ef8e3c9bc514e89b190700,1542.4754,,1675105907,Wrapped Ether,Aave v3,Aave,2023-01-30 19:00:00+00:00
113,16521648,465307,0x018008bfb33d285247a21d44e50697654f754e639b190700,0.99982456,,1675105907,Dai Stablecoin,Aave v3,Aave,2023-01-30 19:00:00+00:00
114,16521545,465306,0x4d5f47fa6a74757f35c14fd3a6ef8e3c9bc514e89a190700,1581.48794,,1675104671,Wrapped Ether,Aave v3,Aave,2023-01-30 18:00:00+00:00
115,16521531,465306,0x018008bfb33d285247a21d44e50697654f754e639a190700,0.99982456,,1675104503,Dai Stablecoin,Aave v3,Aave,2023-01-30 18:00:00+00:00
116,16521445,465306,0x0b925ed163218f6662a35e0f0371ac234f9e93719a190700,1748.20483156,,1675103471,Wrapped liquid staked Ether 2.0,Aave v3,Aave,2023-01-30 18:00:00+00:00
117,16521287,465305,0x4d5f47fa6a74757f35c14fd3a6ef8e3c9bc514e899190700,1581.48794,,1675101551,Wrapped Ether,Aave v3,Aave,2023-01-30 17:00:00+00:00
118,16521209,465305,0x98c23e9d8f34fefb1b7bd6a91b7ff122f4e16f5c99190700,0.99994455,,1675100603,USD Coin,Aave v3,Aave,2023-01-30 17:00:00+00:00
119,16521203,465305,0x0b925ed163218f6662a35e0f0371ac234f9e937199190700,1746.93587832,,1675100531,Wrapped liquid staked Ether 2.0,Aave v3,Aave,2023-01-30 17:00:00+00:00
120,16520962,465304,0x4d5f47fa6a74757f35c14fd3a6ef8e3c9bc514e898190700,1582.174,,1675097615,Wrapped Ether,Aave v3,Aave,2023-01-30 16:00:00+00:00
121,16520936,465304,0x98c23e9d8f34fefb1b7bd6a91b7ff122f4e16f5c98190700,0.99994455,,1675097303,USD Coin,Aave v3,Aave,2023-01-30 16:00:00+00:00
122,16520936,465304,0x0b925ed163218f6662a35e0f0371ac234f9e937198190700,1748.96321446,,1675097303,Wrapped liquid staked Ether 2.0,Aave v3,Aave,2023-01-30 16:00:00+00:00
123,16520890,465304,0x018008bfb33d285247a21d44e50697654f754e6398190700,0.99951573,,1675096751,Dai Stablecoin,Aave v3,Aave,2023-01-30 16:00:00+00:00
124,16520854,465304,0x5ee5bf7ae06d1be5997a1a72006fe6c607ec6de898190700,23136.62273267,,1675096319,Wrapped BTC,Aave v3,Aave,2023-01-30 16:00:00+00:00
125,16520854,465304,0x5e8c8a7243651db1384c0ddfdbe39761e8e7e51a98190700,7.00344646,,1675096319,ChainLink Token,Aave v3,Aave,2023-01-30 16:00:00+00:00
126,16520641,465303,0x4d5f47fa6a74757f35c14fd3a6ef8e3c9bc514e897190700,1574.92977,,1675093763,Wrapped Ether,Aave v3,Aave,2023-01-30 15:00:00+00:00
127,16520588,465303,0x5ee5bf7ae06d1be5997a1a72006fe6c607ec6de897190700,23224.10310753,,1675093127,Wrapped BTC,Aave v3,Aave,2023-01-30 15:00:00+00:00
128,16520557,465303,0x98c23e9d8f34fefb1b7bd6a91b7ff122f4e16f5c97190700,0.99994455,,1675092755,USD Coin,Aave v3,Aave,2023-01-30 15:00:00+00:00
129,16520362,465302,0x98c23e9d8f34fefb1b7bd6a91b7ff122f4e16f5c96190700,0.99994455,,1675090403,USD Coin,Aave v3,Aave,2023-01-30 14:00:00+00:00
130,16520349,465302,0x4d5f47fa6a74757f35c14fd3a6ef8e3c9bc514e896190700,1586.42322447,,1675090235,Wrapped Ether,Aave v3,Aave,2023-01-30 14:00:00+00:00
131,16520331,465302,0x0b925ed163218f6662a35e0f0371ac234f9e937196190700,1753.66038259,,1675090019,Wrapped liquid staked Ether 2.0,Aave v3,Aave,2023-01-30 14:00:00+00:00
132,16520266,465302,0x5ee5bf7ae06d1be5997a1a72006fe6c607ec6de896190700,23181.277067,,1675089239,Wrapped BTC,Aave v3,Aave,2023-01-30 14:00:00+00:00
133,16520096,465301,0x98c23e9d8f34fefb1b7bd6a91b7ff122f4e16f5c95190700,0.99994455,,1675087187,USD Coin,Aave v3,Aave,2023-01-30 13:00:00+00:00
134,16520082,465301,0x4d5f47fa6a74757f35c14fd3a6ef8e3c9bc514e895190700,1578.08826115,,1675087019,Wrapped Ether,Aave v3,Aave,2023-01-30 13:00:00+00:00
135,16520076,465301,0x018008bfb33d285247a21d44e50697654f754e6395190700,1.00027268,,1675086947,Dai Stablecoin,Aave v3,Aave,2023-01-30 13:00:00+00:00
136,16519979,465301,0x5e8c8a7243651db1384c0ddfdbe39761e8e7e51a95190700,6.98590559,,1675085771,ChainLink Token,Aave v3,Aave,2023-01-30 13:00:00+00:00
137,16519977,465301,0xa700b4eb416be35b2911fd5dee80678ff64ff6c995190700,82.07434798,,1675085747,Aave Token,Aave v3,Aave,2023-01-30 13:00:00+00:00
138,16519762,465300,0x4d5f47fa6a74757f35c14fd3a6ef8e3c9bc514e894190700,1574.9,,1675083167,Wrapped Ether,Aave v3,Aave,2023-01-30 12:00:00+00:00
139,16519734,465300,0x98c23e9d8f34fefb1b7bd6a91b7ff122f4e16f5c94190700,0.99994455,,1675082831,USD Coin,Aave v3,Aave,2023-01-30 12:00:00+00:00
140,16519733,465300,0x0b925ed163218f6662a35e0f0371ac234f9e937194190700,1740.52109204,,1675082819,Wrapped liquid staked Ether 2.0,Aave v3,Aave,2023-01-30 12:00:00+00:00
141,16519540,465300,0x018008bfb33d285247a21d44e50697654f754e6394190700,0.99975179,,1675080479,Dai Stablecoin,Aave v3,Aave,2023-01-30 12:00:00+00:00
142,16519500,465299,0x4d5f47fa6a74757f35c14fd3a6ef8e3c9bc514e893190700,1583.28187254,,1675079999,Wrapped Ether,Aave v3,Aave,2023-01-30 11:00:00+00:00
143,16519499,465299,0x98c23e9d8f34fefb1b7bd6a91b7ff122f4e16f5c93190700,0.99994455,,1675079987,USD Coin,Aave v3,Aave,2023-01-30 11:00:00+00:00
144,16519499,465299,0x018008bfb33d285247a21d44e50697654f754e6393190700,0.99975179,,1675079987,Dai Stablecoin,Aave v3,Aave,2023-01-30 11:00:00+00:00
145,16519473,465299,0x5ee5bf7ae06d1be5997a1a72006fe6c607ec6de893190700,23086.9683544,,1675079675,Wrapped BTC,Aave v3,Aave,2023-01-30 11:00:00+00:00
146,16519427,465299,0x0b925ed163218f6662a35e0f0371ac234f9e937193190700,1748.81802614,,1675079123,Wrapped liquid staked Ether 2.0,Aave v3,Aave,2023-01-30 11:00:00+00:00
147,16519311,465299,0x5e8c8a7243651db1384c0ddfdbe39761e8e7e51a93190700,7.04342903,,1675077731,ChainLink Token,Aave v3,Aave,2023-01-30 11:00:00+00:00
148,16519141,465298,0x98c23e9d8f34fefb1b7bd6a91b7ff122f4e16f5c92190700,0.99994455,,1675075679,USD Coin,Aave v3,Aave,2023-01-30 10:00:00+00:00
149,16519136,465298,0x4d5f47fa6a74757f35c14fd3a6ef8e3c9bc514e892190700,1593.06721,,1675075619,Wrapped Ether,Aave v3,Aave,2023-01-30 10:00:00+00:00
150,16519128,465298,0x0b925ed163218f6662a35e0f0371ac234f9e937192190700,1760.37346769,,1675075523,Wrapped liquid staked Ether 2.0,Aave v3,Aave,2023-01-30 10:00:00+00:00
151,16519121,465298,0xa700b4eb416be35b2911fd5dee80678ff64ff6c992190700,82.25077,,1675075439,Aave Token,Aave v3,Aave,2023-01-30 10:00:00+00:00
152,16518902,465297,0x4d5f47fa6a74757f35c14fd3a6ef8e3c9bc514e891190700,1585.1185,,1675072799,Wrapped Ether,Aave v3,Aave,2023-01-30 09:00:00+00:00
153,16518902,465297,0x0b925ed163218f6662a35e0f0371ac234f9e937191190700,1751.58997249,,1675072799,Wrapped liquid staked Ether 2.0,Aave v3,Aave,2023-01-30 09:00:00+00:00
154,16518617,465297,0x018008bfb33d285247a21d44e50697654f754e6391190700,0.99979706,,1675069367,Dai Stablecoin,Aave v3,Aave,2023-01-30 09:00:00+00:00
155,16518609,465297,0x98c23e9d8f34fefb1b7bd6a91b7ff122f4e16f5c91190700,0.99994455,,1675069271,USD Coin,Aave v3,Aave,2023-01-30 09:00:00+00:00
156,16518581,465296,0x4d5f47fa6a74757f35c14fd3a6ef8e3c9bc514e890190700,1619.07,,1675068935,Wrapped Ether,Aave v3,Aave,2023-01-30 08:00:00+00:00
157,16518539,465296,0x0b925ed163218f6662a35e0f0371ac234f9e937190190700,1788.70488107,,1675068431,Wrapped liquid staked Ether 2.0,Aave v3,Aave,2023-01-30 08:00:00+00:00
158,16518536,465296,0x018008bfb33d285247a21d44e50697654f754e6390190700,0.99979706,,1675068395,Dai Stablecoin,Aave v3,Aave,2023-01-30 08:00:00+00:00
159,16518522,465296,0x98c23e9d8f34fefb1b7bd6a91b7ff122f4e16f5c90190700,0.99994455,,1675068227,USD Coin,Aave v3,Aave,2023-01-30 08:00:00+00:00
160,16518290,465295,0x4d5f47fa6a74757f35c14fd3a6ef8e3c9bc514e88f190700,1626.81697011,,1675065431,Wrapped Ether,Aave v3,Aave,2023-01-30 07:00:00+00:00
161,16518120,465295,0x98c23e9d8f34fefb1b7bd6a91b7ff122f4e16f5c8f190700,0.99994455,,1675063367,USD Coin,Aave v3,Aave,2023-01-30 07:00:00+00:00
162,16518077,465295,0x0b925ed163218f6662a35e0f0371ac234f9e93718f190700,1801.24367017,,1675062839,Wrapped liquid staked Ether 2.0,Aave v3,Aave,2023-01-30 07:00:00+00:00
163,16518002,465294,0xa700b4eb416be35b2911fd5dee80678ff64ff6c98e190700,86.1997372,,1675061939,Aave Token,Aave v3,Aave,2023-01-30 06:00:00+00:00
164,16518000,465294,0x98c23e9d8f34fefb1b7bd6a91b7ff122f4e16f5c8e190700,0.99994455,,1675061915,USD Coin,Aave v3,Aave,2023-01-30 06:00:00+00:00
165,16517876,465294,0x018008bfb33d285247a21d44e50697654f754e638e190700,0.99977216,,1675060427,Dai Stablecoin,Aave v3,Aave,2023-01-30 06:00:00+00:00
166,16517853,465294,0x5ee5bf7ae06d1be5997a1a72006fe6c607ec6de88e190700,23687.90945197,,1675060151,Wrapped BTC,Aave v3,Aave,2023-01-30 06:00:00+00:00
167,16517853,465294,0x4d5f47fa6a74757f35c14fd3a6ef8e3c9bc514e88e190700,1633.13834233,,1675060151,Wrapped Ether,Aave v3,Aave,2023-01-30 06:00:00+00:00
168,16517706,465293,0x98c23e9d8f34fefb1b7bd6a91b7ff122f4e16f5c8d190700,0.99994455,,1675058387,USD Coin,Aave v3,Aave,2023-01-30 05:00:00+00:00
169,16517703,465293,0x4d5f47fa6a74757f35c14fd3a6ef8e3c9bc514e88d190700,1633.13834233,,1675058351,Wrapped Ether,Aave v3,Aave,2023-01-30 05:00:00+00:00
170,16517442,465293,0x018008bfb33d285247a21d44e50697654f754e638d190700,1.00074201,,1675055195,Dai Stablecoin,Aave v3,Aave,2023-01-30 05:00:00+00:00
171,16517381,465292,0x4d5f47fa6a74757f35c14fd3a6ef8e3c9bc514e88c190700,1637.18496314,,1675054463,Wrapped Ether,Aave v3,Aave,2023-01-30 04:00:00+00:00
172,16517377,465292,0x98c23e9d8f34fefb1b7bd6a91b7ff122f4e16f5c8c190700,1.00020182,,1675054415,USD Coin,Aave v3,Aave,2023-01-30 04:00:00+00:00
173,16517364,465292,0x0b925ed163218f6662a35e0f0371ac234f9e93718c190700,1809.12453205,,1675054259,Wrapped liquid staked Ether 2.0,Aave v3,Aave,2023-01-30 04:00:00+00:00
174,16516952,465291,0x98c23e9d8f34fefb1b7bd6a91b7ff122f4e16f5c8b190700,1.00020182,,1675049291,USD Coin,Aave v3,Aave,2023-01-30 03:00:00+00:00
175,16516952,465291,0x5ee5bf7ae06d1be5997a1a72006fe6c607ec6de88b190700,23709.91665643,,1675049291,Wrapped BTC,Aave v3,Aave,2023-01-30 03:00:00+00:00
176,16516952,465291,0x4d5f47fa6a74757f35c14fd3a6ef8e3c9bc514e88b190700,1635.05,,1675049291,Wrapped Ether,Aave v3,Aave,2023-01-30 03:00:00+00:00
177,16516952,465291,0x0b925ed163218f6662a35e0f0371ac234f9e93718b190700,1806.76535195,,1675049291,Wrapped liquid staked Ether 2.0,Aave v3,Aave,2023-01-30 03:00:00+00:00
178,16516952,465291,0x018008bfb33d285247a21d44e50697654f754e638b190700,0.99978537,,1675049291,Dai Stablecoin,Aave v3,Aave,2023-01-30 03:00:00+00:00
179,16516760,465290,0x018008bfb33d285247a21d44e50697654f754e638a190700,0.99978537,,1675046987,Dai Stablecoin,Aave v3,Aave,2023-01-30 02:00:00+00:00
180,16516738,465290,0x4d5f47fa6a74757f35c14fd3a6ef8e3c9bc514e88a190700,1638.545,,1675046723,Wrapped Ether,Aave v3,Aave,2023-01-30 02:00:00+00:00
181,16516731,465290,0x98c23e9d8f34fefb1b7bd6a91b7ff122f4e16f5c8a190700,1.00020182,,1675046639,USD Coin,Aave v3,Aave,2023-01-30 02:00:00+00:00
182,16516644,465290,0x0b925ed163218f6662a35e0f0371ac234f9e93718a190700,1810.62740198,,1675045583,Wrapped liquid staked Ether 2.0,Aave v3,Aave,2023-01-30 02:00:00+00:00
183,16516464,465289,0x4d5f47fa6a74757f35c14fd3a6ef8e3c9bc514e889190700,1637.19128645,,1675043411,Wrapped Ether,Aave v3,Aave,2023-01-30 01:00:00+00:00
184,16516174,465288,0x018008bfb33d285247a21d44e50697654f754e6388190700,1.00137092,,1675039907,Dai Stablecoin,Aave v3,Aave,2023-01-30 00:00:00+00:00
185,16516170,465288,0x98c23e9d8f34fefb1b7bd6a91b7ff122f4e16f5c88190700,1.00020182,,1675039847,USD Coin,Aave v3,Aave,2023-01-30 00:00:00+00:00
186,16516142,465288,0x4d5f47fa6a74757f35c14fd3a6ef8e3c9bc514e888190700,1638.65,,1675039511,Wrapped Ether,Aave v3,Aave,2023-01-30 00:00:00+00:00
187,16516025,465288,0x0b925ed163218f6662a35e0f0371ac234f9e937188190700,1810.74342923,,1675038107,Wrapped liquid staked Ether 2.0,Aave v3,Aave,2023-01-30 00:00:00+00:00
188,16515915,465287,0x0b925ed163218f6662a35e0f0371ac234f9e937187190700,1820.52231672,,1675036787,Wrapped liquid staked Ether 2.0,Aave v3,Aave,2023-01-29 23:00:00+00:00
189,16515900,465287,0x4d5f47fa6a74757f35c14fd3a6ef8e3c9bc514e887190700,1647.4995,,1675036607,Wrapped Ether,Aave v3,Aave,2023-01-29 23:00:00+00:00
190,16515837,465287,0x018008bfb33d285247a21d44e50697654f754e6387190700,1.00008564,,1675035839,Dai Stablecoin,Aave v3,Aave,2023-01-29 23:00:00+00:00
191,16515718,465287,0x98c23e9d8f34fefb1b7bd6a91b7ff122f4e16f5c87190700,1.00020182,,1675034411,USD Coin,Aave v3,Aave,2023-01-29 23:00:00+00:00
192,16515646,465287,0x5ee5bf7ae06d1be5997a1a72006fe6c607ec6de887190700,23709.91665643,,1675033547,Wrapped BTC,Aave v3,Aave,2023-01-29 23:00:00+00:00
193,16515579,465286,0x98c23e9d8f34fefb1b7bd6a91b7ff122f4e16f5c86190700,1.00020182,,1675032731,USD Coin,Aave v3,Aave,2023-01-29 22:00:00+00:00
194,16515563,465286,0x4d5f47fa6a74757f35c14fd3a6ef8e3c9bc514e886190700,1644.97279669,,1675032539,Wrapped Ether,Aave v3,Aave,2023-01-29 22:00:00+00:00
195,16515249,465285,0x98c23e9d8f34fefb1b7bd6a91b7ff122f4e16f5c85190700,1.00020182,,1675028747,USD Coin,Aave v3,Aave,2023-01-29 21:00:00+00:00
196,16515249,465285,0x5e8c8a7243651db1384c0ddfdbe39761e8e7e51a85190700,7.406,,1675028747,ChainLink Token,Aave v3,Aave,2023-01-29 21:00:00+00:00
197,16515249,465285,0x4d5f47fa6a74757f35c14fd3a6ef8e3c9bc514e885190700,1643.265,,1675028747,Wrapped Ether,Aave v3,Aave,2023-01-29 21:00:00+00:00
198,16514919,465284,0x98c23e9d8f34fefb1b7bd6a91b7ff122f4e16f5c84190700,1.00020182,,1675024787,USD Coin,Aave v3,Aave,2023-01-29 20:00:00+00:00
199,16514854,465284,0x5e8c8a7243651db1384c0ddfdbe39761e8e7e51a84190700,7.43810036,,1675023995,ChainLink Token,Aave v3,Aave,2023-01-29 20:00:00+00:00
200,16514818,465284,0x0b925ed163218f6662a35e0f0371ac234f9e937184190700,1824.18166373,,1675023563,Wrapped liquid staked Ether 2.0,Aave v3,Aave,2023-01-29 20:00:00+00:00
201,16514754,465284,0x4d5f47fa6a74757f35c14fd3a6ef8e3c9bc514e884190700,1642.5194,,1675022795,Wrapped Ether,Aave v3,Aave,2023-01-29 20:00:00+00:00
202,16514572,465283,0x4d5f47fa6a74757f35c14fd3a6ef8e3c9bc514e883190700,1645.97,,1675020611,Wrapped Ether,Aave v3,Aave,2023-01-29 19:00:00+00:00
203,16514556,465283,0x5ee5bf7ae06d1be5997a1a72006fe6c607ec6de883190700,23634.13636904,,1675020419,Wrapped BTC,Aave v3,Aave,2023-01-29 19:00:00+00:00
204,16514404,465282,0x4d5f47fa6a74757f35c14fd3a6ef8e3c9bc514e882190700,1629.14978859,,1675018583,Wrapped Ether,Aave v3,Aave,2023-01-29 18:00:00+00:00
205,16514312,465282,0x0b925ed163218f6662a35e0f0371ac234f9e937182190700,1788.69825093,,1675017479,Wrapped liquid staked Ether 2.0,Aave v3,Aave,2023-01-29 18:00:00+00:00
206,16514220,465282,0x98c23e9d8f34fefb1b7bd6a91b7ff122f4e16f5c82190700,1.00020182,,1675016375,USD Coin,Aave v3,Aave,2023-01-29 18:00:00+00:00
207,16514220,465282,0x5e8c8a7243651db1384c0ddfdbe39761e8e7e51a82190700,7.33302855,,1675016375,ChainLink Token,Aave v3,Aave,2023-01-29 18:00:00+00:00
208,16514214,465282,0x5ee5bf7ae06d1be5997a1a72006fe6c607ec6de882190700,23537.92235072,,1675016291,Wrapped BTC,Aave v3,Aave,2023-01-29 18:00:00+00:00
209,16514117,465281,0x0b925ed163218f6662a35e0f0371ac234f9e937181190700,1788.69825093,,1675015127,Wrapped liquid staked Ether 2.0,Aave v3,Aave,2023-01-29 17:00:00+00:00
210,16514113,465281,0x4d5f47fa6a74757f35c14fd3a6ef8e3c9bc514e881190700,1618.7,,1675015079,Wrapped Ether,Aave v3,Aave,2023-01-29 17:00:00+00:00
211,16514089,465281,0x98c23e9d8f34fefb1b7bd6a91b7ff122f4e16f5c81190700,1.00020182,,1675014767,USD Coin,Aave v3,Aave,2023-01-29 17:00:00+00:00
212,16514010,465281,0xa700b4eb416be35b2911fd5dee80678ff64ff6c981190700,86.90999999,,1675013819,Aave Token,Aave v3,Aave,2023-01-29 17:00:00+00:00
213,16513945,465281,0x5e8c8a7243651db1384c0ddfdbe39761e8e7e51a81190700,7.40791219,,1675013039,ChainLink Token,Aave v3,Aave,2023-01-29 17:00:00+00:00
214,16513945,465281,0x018008bfb33d285247a21d44e50697654f754e6381190700,1.00048838,,1675013039,Dai Stablecoin,Aave v3,Aave,2023-01-29 17:00:00+00:00
215,16513705,465280,0x4d5f47fa6a74757f35c14fd3a6ef8e3c9bc514e880190700,1611.90660248,,1675010159,Wrapped Ether,Aave v3,Aave,2023-01-29 16:00:00+00:00
216,16513574,465280,0x98c23e9d8f34fefb1b7bd6a91b7ff122f4e16f5c80190700,1.00020182,,1675008587,USD Coin,Aave v3,Aave,2023-01-29 16:00:00+00:00
217,16513552,465280,0x018008bfb33d285247a21d44e50697654f754e6380190700,1.00001132,,1675008311,Dai Stablecoin,Aave v3,Aave,2023-01-29 16:00:00+00:00
218,16513476,465279,0x0b925ed163218f6662a35e0f0371ac234f9e93717f190700,1784.34924355,,1675007399,Wrapped liquid staked Ether 2.0,Aave v3,Aave,2023-01-29 15:00:00+00:00
219,16513369,465279,0xa700b4eb416be35b2911fd5dee80678ff64ff6c97f190700,87.602955,,1675006103,Aave Token,Aave v3,Aave,2023-01-29 15:00:00+00:00
220,16513362,465279,0x98c23e9d8f34fefb1b7bd6a91b7ff122f4e16f5c7f190700,1.00020182,,1675006019,USD Coin,Aave v3,Aave,2023-01-29 15:00:00+00:00
221,16513264,465279,0x018008bfb33d285247a21d44e50697654f754e637f190700,0.99979239,,1675004819,Dai Stablecoin,Aave v3,Aave,2023-01-29 15:00:00+00:00
222,16513251,465279,0x4d5f47fa6a74757f35c14fd3a6ef8e3c9bc514e87f190700,1614.76432317,,1675004663,Wrapped Ether,Aave v3,Aave,2023-01-29 15:00:00+00:00
223,16513223,465278,0x018008bfb33d285247a21d44e50697654f754e637e190700,0.99979239,,1675004315,Dai Stablecoin,Aave v3,Aave,2023-01-29 14:00:00+00:00
224,16513220,465278,0x4d5f47fa6a74757f35c14fd3a6ef8e3c9bc514e87e190700,1614.76432317,,1675004279,Wrapped Ether,Aave v3,Aave,2023-01-29 14:00:00+00:00
225,16513219,465278,0x0b925ed163218f6662a35e0f0371ac234f9e93717e190700,1784.34924355,,1675004267,Wrapped liquid staked Ether 2.0,Aave v3,Aave,2023-01-29 14:00:00+00:00
226,16513210,465278,0x98c23e9d8f34fefb1b7bd6a91b7ff122f4e16f5c7e190700,1.00020182,,1675004159,USD Coin,Aave v3,Aave,2023-01-29 14:00:00+00:00
227,16513087,465278,0xa700b4eb416be35b2911fd5dee80678ff64ff6c97e190700,87.81767225,,1675002671,Aave Token,Aave v3,Aave,2023-01-29 14:00:00+00:00
228,16512863,465277,0x98c23e9d8f34fefb1b7bd6a91b7ff122f4e16f5c7d190700,1.00020182,,1674999947,USD Coin,Aave v3,Aave,2023-01-29 13:00:00+00:00
229,16512733,465277,0x4d5f47fa6a74757f35c14fd3a6ef8e3c9bc514e87d190700,1620.137405,,1674998387,Wrapped Ether,Aave v3,Aave,2023-01-29 13:00:00+00:00
230,16512722,465277,0x5ee5bf7ae06d1be5997a1a72006fe6c607ec6de87d190700,23443.83187958,,1674998255,Wrapped BTC,Aave v3,Aave,2023-01-29 13:00:00+00:00
231,16512709,465277,0x5e8c8a7243651db1384c0ddfdbe39761e8e7e51a7d190700,7.36586049,,1674998099,ChainLink Token,Aave v3,Aave,2023-01-29 13:00:00+00:00
232,16512648,465277,0x0b925ed163218f6662a35e0f0371ac234f9e93717d190700,1782.29735354,,1674997367,Wrapped liquid staked Ether 2.0,Aave v3,Aave,2023-01-29 13:00:00+00:00
233,16512621,465276,0x4d5f47fa6a74757f35c14fd3a6ef8e3c9bc514e87c190700,1611.14976,,1674997043,Wrapped Ether,Aave v3,Aave,2023-01-29 12:00:00+00:00
234,16512620,465276,0x5ee5bf7ae06d1be5997a1a72006fe6c607ec6de87c190700,23443.83187958,,1674997031,Wrapped BTC,Aave v3,Aave,2023-01-29 12:00:00+00:00
235,16512602,465276,0xa700b4eb416be35b2911fd5dee80678ff64ff6c97c190700,86.89,,1674996815,Aave Token,Aave v3,Aave,2023-01-29 12:00:00+00:00
236,16512602,465276,0x98c23e9d8f34fefb1b7bd6a91b7ff122f4e16f5c7c190700,1.00020182,,1674996815,USD Coin,Aave v3,Aave,2023-01-29 12:00:00+00:00
237,16512597,465276,0x018008bfb33d285247a21d44e50697654f754e637c190700,1.00002304,,1674996755,Dai Stablecoin,Aave v3,Aave,2023-01-29 12:00:00+00:00
238,16512287,465275,0x4d5f47fa6a74757f35c14fd3a6ef8e3c9bc514e87b190700,1601.6,,1674993011,Wrapped Ether,Aave v3,Aave,2023-01-29 11:00:00+00:00
239,16512251,465275,0x018008bfb33d285247a21d44e50697654f754e637b190700,1.0001447,,1674992579,Dai Stablecoin,Aave v3,Aave,2023-01-29 11:00:00+00:00
240,16512216,465275,0x0b925ed163218f6662a35e0f0371ac234f9e93717b190700,1771.51522208,,1674992159,Wrapped liquid staked Ether 2.0,Aave v3,Aave,2023-01-29 11:00:00+00:00
241,16512185,465275,0x5e8c8a7243651db1384c0ddfdbe39761e8e7e51a7b190700,7.41606855,,1674991787,ChainLink Token,Aave v3,Aave,2023-01-29 11:00:00+00:00
242,16512085,465275,0x98c23e9d8f34fefb1b7bd6a91b7ff122f4e16f5c7b190700,1.00020182,,1674990587,USD Coin,Aave v3,Aave,2023-01-29 11:00:00+00:00
243,16511989,465274,0x98c23e9d8f34fefb1b7bd6a91b7ff122f4e16f5c7a190700,1.00020182,,1674989435,USD Coin,Aave v3,Aave,2023-01-29 10:00:00+00:00
244,16511981,465274,0x5ee5bf7ae06d1be5997a1a72006fe6c607ec6de87a190700,23376.13294445,,1674989339,Wrapped BTC,Aave v3,Aave,2023-01-29 10:00:00+00:00
245,16511978,465274,0x4d5f47fa6a74757f35c14fd3a6ef8e3c9bc514e87a190700,1609.648295,,1674989303,Wrapped Ether,Aave v3,Aave,2023-01-29 10:00:00+00:00
246,16511751,465274,0x0b925ed163218f6662a35e0f0371ac234f9e93717a190700,1769.19488113,,1674986555,Wrapped liquid staked Ether 2.0,Aave v3,Aave,2023-01-29 10:00:00+00:00
247,16511746,465274,0x018008bfb33d285247a21d44e50697654f754e637a190700,1.00055642,,1674986495,Dai Stablecoin,Aave v3,Aave,2023-01-29 10:00:00+00:00
248,16511733,465273,0x018008bfb33d285247a21d44e50697654f754e6379190700,1.00055642,,1674986339,Dai Stablecoin,Aave v3,Aave,2023-01-29 09:00:00+00:00
249,16511728,465273,0x4d5f47fa6a74757f35c14fd3a6ef8e3c9bc514e879190700,1599.502215,,1674986279,Wrapped Ether,Aave v3,Aave,2023-01-29 09:00:00+00:00
250,16511706,465273,0x0b925ed163218f6662a35e0f0371ac234f9e937179190700,1769.23667477,,1674986015,Wrapped liquid staked Ether 2.0,Aave v3,Aave,2023-01-29 09:00:00+00:00
251,16511535,465273,0x98c23e9d8f34fefb1b7bd6a91b7ff122f4e16f5c79190700,1.00020182,,1674983939,USD Coin,Aave v3,Aave,2023-01-29 09:00:00+00:00
252,16511417,465272,0x4d5f47fa6a74757f35c14fd3a6ef8e3c9bc514e878190700,1592.94526176,,1674982523,Wrapped Ether,Aave v3,Aave,2023-01-29 08:00:00+00:00
253,16511401,465272,0x98c23e9d8f34fefb1b7bd6a91b7ff122f4e16f5c78190700,1.00020182,,1674982331,USD Coin,Aave v3,Aave,2023-01-29 08:00:00+00:00
254,16511114,465271,0x98c23e9d8f34fefb1b7bd6a91b7ff122f4e16f5c77190700,1.00020182,,1674978839,USD Coin,Aave v3,Aave,2023-01-29 07:00:00+00:00
255,16511114,465271,0x0b925ed163218f6662a35e0f0371ac234f9e937177190700,1762.88771288,,1674978839,Wrapped liquid staked Ether 2.0,Aave v3,Aave,2023-01-29 07:00:00+00:00
256,16511114,465271,0x018008bfb33d285247a21d44e50697654f754e6377190700,0.99998523,,1674978839,Dai Stablecoin,Aave v3,Aave,2023-01-29 07:00:00+00:00
257,16511093,465271,0x4d5f47fa6a74757f35c14fd3a6ef8e3c9bc514e877190700,1593.8,,1674978587,Wrapped Ether,Aave v3,Aave,2023-01-29 07:00:00+00:00
258,16511042,465271,0x5ee5bf7ae06d1be5997a1a72006fe6c607ec6de877190700,23144.95811115,,1674977963,Wrapped BTC,Aave v3,Aave,2023-01-29 07:00:00+00:00
259,16510844,465270,0x98c23e9d8f34fefb1b7bd6a91b7ff122f4e16f5c76190700,1.00020182,,1674975575,USD Coin,Aave v3,Aave,2023-01-29 06:00:00+00:00
260,16510660,465270,0x4d5f47fa6a74757f35c14fd3a6ef8e3c9bc514e876190700,1596.49859009,,1674973343,Wrapped Ether,Aave v3,Aave,2023-01-29 06:00:00+00:00
261,16510538,465269,0x98c23e9d8f34fefb1b7bd6a91b7ff122f4e16f5c75190700,1.00020182,,1674971867,USD Coin,Aave v3,Aave,2023-01-29 05:00:00+00:00
262,16510505,465269,0x4d5f47fa6a74757f35c14fd3a6ef8e3c9bc514e875190700,1598.735,,1674971471,Wrapped Ether,Aave v3,Aave,2023-01-29 05:00:00+00:00
263,16510303,465269,0x5ee5bf7ae06d1be5997a1a72006fe6c607ec6de875190700,23180.73391859,,1674969035,Wrapped BTC,Aave v3,Aave,2023-01-29 05:00:00+00:00
264,16510190,465268,0x4d5f47fa6a74757f35c14fd3a6ef8e3c9bc514e874190700,1594.105,,1674967679,Wrapped Ether,Aave v3,Aave,2023-01-29 04:00:00+00:00
265,16510090,465268,0x98c23e9d8f34fefb1b7bd6a91b7ff122f4e16f5c74190700,1.00003,,1674966467,USD Coin,Aave v3,Aave,2023-01-29 04:00:00+00:00
266,16509945,465267,0x5ee5bf7ae06d1be5997a1a72006fe6c607ec6de873190700,23133.34369948,,1674964715,Wrapped BTC,Aave v3,Aave,2023-01-29 03:00:00+00:00
267,16509925,465267,0x4d5f47fa6a74757f35c14fd3a6ef8e3c9bc514e873190700,1587.5238,,1674964475,Wrapped Ether,Aave v3,Aave,2023-01-29 03:00:00+00:00
268,16509920,465267,0x98c23e9d8f34fefb1b7bd6a91b7ff122f4e16f5c73190700,1.00003,,1674964415,USD Coin,Aave v3,Aave,2023-01-29 03:00:00+00:00
269,16509852,465267,0x0b925ed163218f6662a35e0f0371ac234f9e937173190700,1755.94566502,,1674963599,Wrapped liquid staked Ether 2.0,Aave v3,Aave,2023-01-29 03:00:00+00:00
270,16509840,465267,0x5e8c8a7243651db1384c0ddfdbe39761e8e7e51a73190700,7.2751851,,1674963455,ChainLink Token,Aave v3,Aave,2023-01-29 03:00:00+00:00
271,16509489,465266,0x4d5f47fa6a74757f35c14fd3a6ef8e3c9bc514e872190700,1589.4,,1674959219,Wrapped Ether,Aave v3,Aave,2023-01-29 02:00:00+00:00
272,16509432,465266,0x5ee5bf7ae06d1be5997a1a72006fe6c607ec6de872190700,23075.61324716,,1674958535,Wrapped BTC,Aave v3,Aave,2023-01-29 02:00:00+00:00
273,16509353,465265,0x5ee5bf7ae06d1be5997a1a72006fe6c607ec6de871190700,23194.07379454,,1674957587,Wrapped BTC,Aave v3,Aave,2023-01-29 01:00:00+00:00
274,16509309,465265,0x98c23e9d8f34fefb1b7bd6a91b7ff122f4e16f5c71190700,1.00003,,1674957059,USD Coin,Aave v3,Aave,2023-01-29 01:00:00+00:00
275,16509308,465265,0x0b925ed163218f6662a35e0f0371ac234f9e937171190700,1786.16317224,,1674957047,Wrapped liquid staked Ether 2.0,Aave v3,Aave,2023-01-29 01:00:00+00:00
276,16508955,465264,0x98c23e9d8f34fefb1b7bd6a91b7ff122f4e16f5c70190700,1.00003,,1674952787,USD Coin,Aave v3,Aave,2023-01-29 00:00:00+00:00
277,16508955,465264,0x5ee5bf7ae06d1be5997a1a72006fe6c607ec6de870190700,23074.93261885,,1674952787,Wrapped BTC,Aave v3,Aave,2023-01-29 00:00:00+00:00
278,16508955,465264,0x4d5f47fa6a74757f35c14fd3a6ef8e3c9bc514e870190700,1580.42278913,,1674952787,Wrapped Ether,Aave v3,Aave,2023-01-29 00:00:00+00:00
279,16508946,465264,0x0b925ed163218f6662a35e0f0371ac234f9e937170190700,1748.09130136,,1674952679,Wrapped liquid staked Ether 2.0,Aave v3,Aave,2023-01-29 00:00:00+00:00
280,16508946,465264,0x018008bfb33d285247a21d44e50697654f754e6370190700,0.99989472,,1674952679,Dai Stablecoin,Aave v3,Aave,2023-01-29 00:00:00+00:00
281,16508743,465263,0x4d5f47fa6a74757f35c14fd3a6ef8e3c9bc514e86f190700,1570.51,,1674950231,Wrapped Ether,Aave v3,Aave,2023-01-28 23:00:00+00:00
282,16508724,465263,0x98c23e9d8f34fefb1b7bd6a91b7ff122f4e16f5c6f190700,1.00003,,1674950003,USD Coin,Aave v3,Aave,2023-01-28 23:00:00+00:00
283,16508717,465263,0x018008bfb33d285247a21d44e50697654f754e636f190700,0.99994665,,1674949919,Dai Stablecoin,Aave v3,Aave,2023-01-28 23:00:00+00:00
284,16508612,465263,0xa700b4eb416be35b2911fd5dee80678ff64ff6c96f190700,83.53,,1674948647,Aave Token,Aave v3,Aave,2023-01-28 23:00:00+00:00
285,16508304,465262,0x4d5f47fa6a74757f35c14fd3a6ef8e3c9bc514e86e190700,1567.7606527,,1674944927,Wrapped Ether,Aave v3,Aave,2023-01-28 22:00:00+00:00
286,16508304,465262,0x0b925ed163218f6662a35e0f0371ac234f9e93716e190700,1734.08582719,,1674944927,Wrapped liquid staked Ether 2.0,Aave v3,Aave,2023-01-28 22:00:00+00:00
287,16508220,465262,0x98c23e9d8f34fefb1b7bd6a91b7ff122f4e16f5c6e190700,1.00003,,1674943919,USD Coin,Aave v3,Aave,2023-01-28 22:00:00+00:00
288,16508205,465262,0x5ee5bf7ae06d1be5997a1a72006fe6c607ec6de86e190700,22953.76013687,,1674943739,Wrapped BTC,Aave v3,Aave,2023-01-28 22:00:00+00:00
289,16508153,465261,0x5e8c8a7243651db1384c0ddfdbe39761e8e7e51a6d190700,7.17121849,,1674943115,ChainLink Token,Aave v3,Aave,2023-01-28 21:00:00+00:00
290,16508130,465261,0x98c23e9d8f34fefb1b7bd6a91b7ff122f4e16f5c6d190700,1.00003,,1674942839,USD Coin,Aave v3,Aave,2023-01-28 21:00:00+00:00
291,16508116,465261,0x4d5f47fa6a74757f35c14fd3a6ef8e3c9bc514e86d190700,1567.932115,,1674942671,Wrapped Ether,Aave v3,Aave,2023-01-28 21:00:00+00:00
292,16507843,465260,0x98c23e9d8f34fefb1b7bd6a91b7ff122f4e16f5c6c190700,1.00003,,1674939371,USD Coin,Aave v3,Aave,2023-01-28 20:00:00+00:00
293,16507843,465260,0x5e8c8a7243651db1384c0ddfdbe39761e8e7e51a6c190700,7.22560059,,1674939371,ChainLink Token,Aave v3,Aave,2023-01-28 20:00:00+00:00
294,16507828,465260,0x5ee5bf7ae06d1be5997a1a72006fe6c607ec6de86c190700,22984.70842175,,1674939191,Wrapped BTC,Aave v3,Aave,2023-01-28 20:00:00+00:00
295,16507783,465260,0x4d5f47fa6a74757f35c14fd3a6ef8e3c9bc514e86c190700,1569.69,,1674938639,Wrapped Ether,Aave v3,Aave,2023-01-28 20:00:00+00:00
296,16507524,465259,0x98c23e9d8f34fefb1b7bd6a91b7ff122f4e16f5c6b190700,1.00003,,1674935531,USD Coin,Aave v3,Aave,2023-01-28 19:00:00+00:00
297,16507524,465259,0x0b925ed163218f6662a35e0f0371ac234f9e93716b190700,1738.8302353,,1674935531,Wrapped liquid staked Ether 2.0,Aave v3,Aave,2023-01-28 19:00:00+00:00
298,16507480,465259,0x018008bfb33d285247a21d44e50697654f754e636b190700,0.99992333,,1674935003,Dai Stablecoin,Aave v3,Aave,2023-01-28 19:00:00+00:00
299,16507477,465259,0x4d5f47fa6a74757f35c14fd3a6ef8e3c9bc514e86b190700,1572.05,,1674934967,Wrapped Ether,Aave v3,Aave,2023-01-28 19:00:00+00:00
300,16507316,465259,0xa700b4eb416be35b2911fd5dee80678ff64ff6c96b190700,83.98320084,,1674933011,Aave Token,Aave v3,Aave,2023-01-28 19:00:00+00:00
301,16507112,465258,0x98c23e9d8f34fefb1b7bd6a91b7ff122f4e16f5c6a190700,1.00003,,1674930563,USD Coin,Aave v3,Aave,2023-01-28 18:00:00+00:00
302,16507112,465258,0x5ee5bf7ae06d1be5997a1a72006fe6c607ec6de86a190700,22958.14429456,,1674930563,Wrapped BTC,Aave v3,Aave,2023-01-28 18:00:00+00:00
303,16507112,465258,0x5e8c8a7243651db1384c0ddfdbe39761e8e7e51a6a190700,7.21180333,,1674930563,ChainLink Token,Aave v3,Aave,2023-01-28 18:00:00+00:00
304,16507112,465258,0x0b925ed163218f6662a35e0f0371ac234f9e93716a190700,1743.65832218,,1674930563,Wrapped liquid staked Ether 2.0,Aave v3,Aave,2023-01-28 18:00:00+00:00
305,16507067,465258,0x018008bfb33d285247a21d44e50697654f754e636a190700,0.99987953,,1674930011,Dai Stablecoin,Aave v3,Aave,2023-01-28 18:00:00+00:00
306,16506846,465257,0x4d5f47fa6a74757f35c14fd3a6ef8e3c9bc514e869190700,1577.61269757,,1674927359,Wrapped Ether,Aave v3,Aave,2023-01-28 17:00:00+00:00
307,16506844,465257,0x98c23e9d8f34fefb1b7bd6a91b7ff122f4e16f5c69190700,1.00003,,1674927335,USD Coin,Aave v3,Aave,2023-01-28 17:00:00+00:00
308,16506836,465257,0x0b925ed163218f6662a35e0f0371ac234f9e937169190700,1744.9830846,,1674927239,Wrapped liquid staked Ether 2.0,Aave v3,Aave,2023-01-28 17:00:00+00:00
309,16506835,465257,0x5ee5bf7ae06d1be5997a1a72006fe6c607ec6de869190700,22959.14576472,,1674927227,Wrapped BTC,Aave v3,Aave,2023-01-28 17:00:00+00:00
310,16506638,465256,0x0b925ed163218f6662a35e0f0371ac234f9e937168190700,1746.99318631,,1674924839,Wrapped liquid staked Ether 2.0,Aave v3,Aave,2023-01-28 16:00:00+00:00
311,16506634,465256,0x4d5f47fa6a74757f35c14fd3a6ef8e3c9bc514e868190700,1579.43,,1674924791,Wrapped Ether,Aave v3,Aave,2023-01-28 16:00:00+00:00
312,16506630,465256,0x98c23e9d8f34fefb1b7bd6a91b7ff122f4e16f5c68190700,1.00003,,1674924743,USD Coin,Aave v3,Aave,2023-01-28 16:00:00+00:00
313,16506538,465256,0x018008bfb33d285247a21d44e50697654f754e6368190700,0.99977351,,1674923639,Dai Stablecoin,Aave v3,Aave,2023-01-28 16:00:00+00:00
314,16506378,465256,0xa700b4eb416be35b2911fd5dee80678ff64ff6c968190700,85.0825,,1674921707,Aave Token,Aave v3,Aave,2023-01-28 16:00:00+00:00
315,16506378,465256,0x5e8c8a7243651db1384c0ddfdbe39761e8e7e51a68190700,7.23175095,,1674921707,ChainLink Token,Aave v3,Aave,2023-01-28 16:00:00+00:00
316,16506330,465255,0x98c23e9d8f34fefb1b7bd6a91b7ff122f4e16f5c67190700,1.00003,,1674921131,USD Coin,Aave v3,Aave,2023-01-28 15:00:00+00:00
317,16506315,465255,0x4d5f47fa6a74757f35c14fd3a6ef8e3c9bc514e867190700,1579.16,,1674920951,Wrapped Ether,Aave v3,Aave,2023-01-28 15:00:00+00:00
318,16506302,465255,0x5ee5bf7ae06d1be5997a1a72006fe6c607ec6de867190700,22903.11799697,,1674920795,Wrapped BTC,Aave v3,Aave,2023-01-28 15:00:00+00:00
319,16506302,465255,0x018008bfb33d285247a21d44e50697654f754e6367190700,0.99979929,,1674920795,Dai Stablecoin,Aave v3,Aave,2023-01-28 15:00:00+00:00
320,16505991,465254,0x98c23e9d8f34fefb1b7bd6a91b7ff122f4e16f5c66190700,1.00003,,1674917063,USD Coin,Aave v3,Aave,2023-01-28 14:00:00+00:00
321,16505950,465254,0x018008bfb33d285247a21d44e50697654f754e6366190700,0.99975991,,1674916559,Dai Stablecoin,Aave v3,Aave,2023-01-28 14:00:00+00:00
322,16505938,465254,0x4d5f47fa6a74757f35c14fd3a6ef8e3c9bc514e866190700,1574.475,,1674916415,Wrapped Ether,Aave v3,Aave,2023-01-28 14:00:00+00:00
323,16505814,465254,0x5e8c8a7243651db1384c0ddfdbe39761e8e7e51a66190700,7.22039455,,1674914927,ChainLink Token,Aave v3,Aave,2023-01-28 14:00:00+00:00
324,16505814,465254,0x0b925ed163218f6662a35e0f0371ac234f9e937166190700,1739.32459059,,1674914927,Wrapped liquid staked Ether 2.0,Aave v3,Aave,2023-01-28 14:00:00+00:00
325,16505765,465253,0x98c23e9d8f34fefb1b7bd6a91b7ff122f4e16f5c65190700,1.00003,,1674914339,USD Coin,Aave v3,Aave,2023-01-28 13:00:00+00:00
326,16505765,465253,0x4d5f47fa6a74757f35c14fd3a6ef8e3c9bc514e865190700,1574.475,,1674914339,Wrapped Ether,Aave v3,Aave,2023-01-28 13:00:00+00:00
327,16505734,465253,0x5ee5bf7ae06d1be5997a1a72006fe6c607ec6de865190700,22907.74458453,,1674913967,Wrapped BTC,Aave v3,Aave,2023-01-28 13:00:00+00:00
328,16505734,465253,0x0b925ed163218f6662a35e0f0371ac234f9e937165190700,1732.43103349,,1674913967,Wrapped liquid staked Ether 2.0,Aave v3,Aave,2023-01-28 13:00:00+00:00
329,16505520,465253,0x018008bfb33d285247a21d44e50697654f754e6365190700,0.9997134,,1674911387,Dai Stablecoin,Aave v3,Aave,2023-01-28 13:00:00+00:00
330,16505460,465252,0x0b925ed163218f6662a35e0f0371ac234f9e937164190700,1750.32437046,,1674910667,Wrapped liquid staked Ether 2.0,Aave v3,Aave,2023-01-28 12:00:00+00:00
331,16505438,465252,0x4d5f47fa6a74757f35c14fd3a6ef8e3c9bc514e864190700,1586.75721922,,1674910391,Wrapped Ether,Aave v3,Aave,2023-01-28 12:00:00+00:00
332,16505422,465252,0x98c23e9d8f34fefb1b7bd6a91b7ff122f4e16f5c64190700,1.00003,,1674910199,USD Coin,Aave v3,Aave,2023-01-28 12:00:00+00:00
333,16505161,465251,0x98c23e9d8f34fefb1b7bd6a91b7ff122f4e16f5c63190700,1.00003,,1674907019,USD Coin,Aave v3,Aave,2023-01-28 11:00:00+00:00
334,16505161,465251,0x4d5f47fa6a74757f35c14fd3a6ef8e3c9bc514e863190700,1586.75721922,,1674907019,Wrapped Ether,Aave v3,Aave,2023-01-28 11:00:00+00:00
335,16504967,465251,0x018008bfb33d285247a21d44e50697654f754e6363190700,0.99972962,,1674904679,Dai Stablecoin,Aave v3,Aave,2023-01-28 11:00:00+00:00
336,16504927,465251,0x0b925ed163218f6662a35e0f0371ac234f9e937163190700,1751.57178727,,1674904199,Wrapped liquid staked Ether 2.0,Aave v3,Aave,2023-01-28 11:00:00+00:00
337,16504872,465250,0x4d5f47fa6a74757f35c14fd3a6ef8e3c9bc514e862190700,1585.76355715,,1674903539,Wrapped Ether,Aave v3,Aave,2023-01-28 10:00:00+00:00
338,16504866,465250,0x0b925ed163218f6662a35e0f0371ac234f9e937162190700,1751.57178727,,1674903467,Wrapped liquid staked Ether 2.0,Aave v3,Aave,2023-01-28 10:00:00+00:00
339,16504856,465250,0x98c23e9d8f34fefb1b7bd6a91b7ff122f4e16f5c62190700,1.00003,,1674903347,USD Coin,Aave v3,Aave,2023-01-28 10:00:00+00:00
340,16504564,465249,0x018008bfb33d285247a21d44e50697654f754e6361190700,1.00016287,,1674899831,Dai Stablecoin,Aave v3,Aave,2023-01-28 09:00:00+00:00
341,16504498,465249,0x98c23e9d8f34fefb1b7bd6a91b7ff122f4e16f5c61190700,1.00003,,1674899039,USD Coin,Aave v3,Aave,2023-01-28 09:00:00+00:00
342,16504494,465249,0x4d5f47fa6a74757f35c14fd3a6ef8e3c9bc514e861190700,1592.29805296,,1674898991,Wrapped Ether,Aave v3,Aave,2023-01-28 09:00:00+00:00
343,16504476,465249,0x0b925ed163218f6662a35e0f0371ac234f9e937161190700,1758.78953323,,1674898775,Wrapped liquid staked Ether 2.0,Aave v3,Aave,2023-01-28 09:00:00+00:00
344,16504224,465248,0x4d5f47fa6a74757f35c14fd3a6ef8e3c9bc514e860190700,1592.76166,,1674895751,Wrapped Ether,Aave v3,Aave,2023-01-28 08:00:00+00:00
345,16504198,465248,0x018008bfb33d285247a21d44e50697654f754e6360190700,1.00098196,,1674895439,Dai Stablecoin,Aave v3,Aave,2023-01-28 08:00:00+00:00
346,16504192,465248,0x98c23e9d8f34fefb1b7bd6a91b7ff122f4e16f5c60190700,1.00003,,1674895367,USD Coin,Aave v3,Aave,2023-01-28 08:00:00+00:00
347,16504142,465248,0x0b925ed163218f6662a35e0f0371ac234f9e937160190700,1759.30161524,,1674894767,Wrapped liquid staked Ether 2.0,Aave v3,Aave,2023-01-28 08:00:00+00:00
348,16504093,465248,0x5ee5bf7ae06d1be5997a1a72006fe6c607ec6de860190700,22934.2279099,,1674894179,Wrapped BTC,Aave v3,Aave,2023-01-28 08:00:00+00:00
349,16503975,465247,0x5ee5bf7ae06d1be5997a1a72006fe6c607ec6de85f190700,22937.08270801,,1674892763,Wrapped BTC,Aave v3,Aave,2023-01-28 07:00:00+00:00
350,16503950,465247,0x98c23e9d8f34fefb1b7bd6a91b7ff122f4e16f5c5f190700,1.00003,,1674892463,USD Coin,Aave v3,Aave,2023-01-28 07:00:00+00:00
351,16503950,465247,0x4d5f47fa6a74757f35c14fd3a6ef8e3c9bc514e85f190700,1589.6804,,1674892463,Wrapped Ether,Aave v3,Aave,2023-01-28 07:00:00+00:00
352,16503870,465247,0x0b925ed163218f6662a35e0f0371ac234f9e93715f190700,1755.89817716,,1674891503,Wrapped liquid staked Ether 2.0,Aave v3,Aave,2023-01-28 07:00:00+00:00
353,16503549,465246,0x4d5f47fa6a74757f35c14fd3a6ef8e3c9bc514e85e190700,1599.48006,,1674887651,Wrapped Ether,Aave v3,Aave,2023-01-28 06:00:00+00:00
354,16503531,465246,0x98c23e9d8f34fefb1b7bd6a91b7ff122f4e16f5c5e190700,1.00003,,1674887435,USD Coin,Aave v3,Aave,2023-01-28 06:00:00+00:00
355,16503452,465246,0x018008bfb33d285247a21d44e50697654f754e635e190700,0.99985111,,1674886487,Dai Stablecoin,Aave v3,Aave,2023-01-28 06:00:00+00:00
356,16503279,465245,0x4d5f47fa6a74757f35c14fd3a6ef8e3c9bc514e85d190700,1599.87879586,,1674884411,Wrapped Ether,Aave v3,Aave,2023-01-28 05:00:00+00:00
357,16503261,465245,0x98c23e9d8f34fefb1b7bd6a91b7ff122f4e16f5c5d190700,0.99995424,,1674884195,USD Coin,Aave v3,Aave,2023-01-28 05:00:00+00:00
358,16503261,465245,0x5ee5bf7ae06d1be5997a1a72006fe6c607ec6de85d190700,23040.54656418,,1674884195,Wrapped BTC,Aave v3,Aave,2023-01-28 05:00:00+00:00
359,16503181,465245,0x018008bfb33d285247a21d44e50697654f754e635d190700,1.00018739,,1674883223,Dai Stablecoin,Aave v3,Aave,2023-01-28 05:00:00+00:00
360,16503152,465245,0x5e8c8a7243651db1384c0ddfdbe39761e8e7e51a5d190700,7.41204045,,1674882875,ChainLink Token,Aave v3,Aave,2023-01-28 05:00:00+00:00
361,16503097,465245,0xa700b4eb416be35b2911fd5dee80678ff64ff6c95d190700,87.3,,1674882203,Aave Token,Aave v3,Aave,2023-01-28 05:00:00+00:00
362,16503048,465244,0x4d5f47fa6a74757f35c14fd3a6ef8e3c9bc514e85c190700,1600.2056,,1674881591,Wrapped Ether,Aave v3,Aave,2023-01-28 04:00:00+00:00
363,16502963,465244,0x98c23e9d8f34fefb1b7bd6a91b7ff122f4e16f5c5c190700,0.99995424,,1674880571,USD Coin,Aave v3,Aave,2023-01-28 04:00:00+00:00
364,16502781,465243,0x0b925ed163218f6662a35e0f0371ac234f9e93715b190700,1767.52389733,,1674878375,Wrapped liquid staked Ether 2.0,Aave v3,Aave,2023-01-28 03:00:00+00:00
365,16502759,465243,0x018008bfb33d285247a21d44e50697654f754e635b190700,0.99970954,,1674878111,Dai Stablecoin,Aave v3,Aave,2023-01-28 03:00:00+00:00
366,16502711,465243,0x4d5f47fa6a74757f35c14fd3a6ef8e3c9bc514e85b190700,1597.73703106,,1674877535,Wrapped Ether,Aave v3,Aave,2023-01-28 03:00:00+00:00
367,16502701,465243,0x98c23e9d8f34fefb1b7bd6a91b7ff122f4e16f5c5b190700,0.99995424,,1674877415,USD Coin,Aave v3,Aave,2023-01-28 03:00:00+00:00
368,16502517,465243,0x5ee5bf7ae06d1be5997a1a72006fe6c607ec6de85b190700,23048.05947906,,1674875195,Wrapped BTC,Aave v3,Aave,2023-01-28 03:00:00+00:00
369,16502467,465242,0x5e8c8a7243651db1384c0ddfdbe39761e8e7e51a5a190700,7.45749524,,1674874595,ChainLink Token,Aave v3,Aave,2023-01-28 02:00:00+00:00
370,16502417,465242,0x98c23e9d8f34fefb1b7bd6a91b7ff122f4e16f5c5a190700,0.99995424,,1674873995,USD Coin,Aave v3,Aave,2023-01-28 02:00:00+00:00
371,16502368,465242,0x4d5f47fa6a74757f35c14fd3a6ef8e3c9bc514e85a190700,1596.8658,,1674873407,Wrapped Ether,Aave v3,Aave,2023-01-28 02:00:00+00:00
372,16502228,465242,0x018008bfb33d285247a21d44e50697654f754e635a190700,1.00008485,,1674871715,Dai Stablecoin,Aave v3,Aave,2023-01-28 02:00:00+00:00
373,16502119,465241,0x018008bfb33d285247a21d44e50697654f754e6359190700,1.00008485,,1674870407,Dai Stablecoin,Aave v3,Aave,2023-01-28 01:00:00+00:00
374,16502069,465241,0x4d5f47fa6a74757f35c14fd3a6ef8e3c9bc514e859190700,1602.94,,1674869807,Wrapped Ether,Aave v3,Aave,2023-01-28 01:00:00+00:00
375,16502027,465241,0x98c23e9d8f34fefb1b7bd6a91b7ff122f4e16f5c59190700,0.99995424,,1674869303,USD Coin,Aave v3,Aave,2023-01-28 01:00:00+00:00
376,16502006,465241,0x0b925ed163218f6662a35e0f0371ac234f9e937159190700,1770.54420757,,1674869051,Wrapped liquid staked Ether 2.0,Aave v3,Aave,2023-01-28 01:00:00+00:00
377,16501986,465241,0x5ee5bf7ae06d1be5997a1a72006fe6c607ec6de859190700,23093.68326692,,1674868811,Wrapped BTC,Aave v3,Aave,2023-01-28 01:00:00+00:00
378,16501865,465240,0x018008bfb33d285247a21d44e50697654f754e6358190700,0.99997177,,1674867359,Dai Stablecoin,Aave v3,Aave,2023-01-28 00:00:00+00:00
379,16501826,465240,0x98c23e9d8f34fefb1b7bd6a91b7ff122f4e16f5c58190700,0.99995424,,1674866891,USD Coin,Aave v3,Aave,2023-01-28 00:00:00+00:00
380,16501826,465240,0x4d5f47fa6a74757f35c14fd3a6ef8e3c9bc514e858190700,1604.8,,1674866891,Wrapped Ether,Aave v3,Aave,2023-01-28 00:00:00+00:00
381,16501561,465239,0x4d5f47fa6a74757f35c14fd3a6ef8e3c9bc514e857190700,1592.84208522,,1674863675,Wrapped Ether,Aave v3,Aave,2023-01-27 23:00:00+00:00
382,16501363,465239,0x98c23e9d8f34fefb1b7bd6a91b7ff122f4e16f5c57190700,0.99995424,,1674861287,USD Coin,Aave v3,Aave,2023-01-27 23:00:00+00:00
383,16501363,465239,0x0b925ed163218f6662a35e0f0371ac234f9e937157190700,1759.39044977,,1674861287,Wrapped liquid staked Ether 2.0,Aave v3,Aave,2023-01-27 23:00:00+00:00
384,16501338,465239,0x018008bfb33d285247a21d44e50697654f754e6357190700,1.00008817,,1674860975,Dai Stablecoin,Aave v3,Aave,2023-01-27 23:00:00+00:00
385,16501226,465238,0x4d5f47fa6a74757f35c14fd3a6ef8e3c9bc514e856190700,1589.6,,1674859631,Wrapped Ether,Aave v3,Aave,2023-01-27 22:00:00+00:00
386,16501185,465238,0x98c23e9d8f34fefb1b7bd6a91b7ff122f4e16f5c56190700,0.99995424,,1674859139,USD Coin,Aave v3,Aave,2023-01-27 22:00:00+00:00
387,16500980,465237,0x98c23e9d8f34fefb1b7bd6a91b7ff122f4e16f5c55190700,0.99995424,,1674856679,USD Coin,Aave v3,Aave,2023-01-27 21:00:00+00:00
388,16500972,465237,0x4d5f47fa6a74757f35c14fd3a6ef8e3c9bc514e855190700,1598.4,,1674856583,Wrapped Ether,Aave v3,Aave,2023-01-27 21:00:00+00:00
389,16500735,465237,0x018008bfb33d285247a21d44e50697654f754e6355190700,1.00042643,,1674853715,Dai Stablecoin,Aave v3,Aave,2023-01-27 21:00:00+00:00
390,16500685,465236,0x5ee5bf7ae06d1be5997a1a72006fe6c607ec6de854190700,23054.32705435,,1674853115,Wrapped BTC,Aave v3,Aave,2023-01-27 20:00:00+00:00
391,16500685,465236,0x4d5f47fa6a74757f35c14fd3a6ef8e3c9bc514e854190700,1598.4,,1674853115,Wrapped Ether,Aave v3,Aave,2023-01-27 20:00:00+00:00
392,16500685,465236,0x0b925ed163218f6662a35e0f0371ac234f9e937154190700,1765.5295029,,1674853115,Wrapped liquid staked Ether 2.0,Aave v3,Aave,2023-01-27 20:00:00+00:00
393,16500685,465236,0x018008bfb33d285247a21d44e50697654f754e6354190700,1.00042643,,1674853115,Dai Stablecoin,Aave v3,Aave,2023-01-27 20:00:00+00:00
394,16500583,465236,0x98c23e9d8f34fefb1b7bd6a91b7ff122f4e16f5c54190700,0.99995424,,1674851891,USD Coin,Aave v3,Aave,2023-01-27 20:00:00+00:00
395,16500563,465236,0xa700b4eb416be35b2911fd5dee80678ff64ff6c954190700,87.91953361,,1674851651,Aave Token,Aave v3,Aave,2023-01-27 20:00:00+00:00
396,16500376,465235,0x4d5f47fa6a74757f35c14fd3a6ef8e3c9bc514e853190700,1611.1203,,1674849383,Wrapped Ether,Aave v3,Aave,2023-01-27 19:00:00+00:00
397,16500259,465235,0x018008bfb33d285247a21d44e50697654f754e6353190700,1.00045403,,1674847967,Dai Stablecoin,Aave v3,Aave,2023-01-27 19:00:00+00:00
398,16500215,465235,0x0b925ed163218f6662a35e0f0371ac234f9e937153190700,1770.90382648,,1674847439,Wrapped liquid staked Ether 2.0,Aave v3,Aave,2023-01-27 19:00:00+00:00
399,16500084,465234,0x98c23e9d8f34fefb1b7bd6a91b7ff122f4e16f5c52190700,0.99995424,,1674845855,USD Coin,Aave v3,Aave,2023-01-27 18:00:00+00:00
400,16500046,465234,0x0b925ed163218f6662a35e0f0371ac234f9e937152190700,1768.52286185,,1674845399,Wrapped liquid staked Ether 2.0,Aave v3,Aave,2023-01-27 18:00:00+00:00
401,16500037,465234,0x4d5f47fa6a74757f35c14fd3a6ef8e3c9bc514e852190700,1601.11,,1674845279,Wrapped Ether,Aave v3,Aave,2023-01-27 18:00:00+00:00
402,16499905,465234,0x018008bfb33d285247a21d44e50697654f754e6352190700,0.99999773,,1674843683,Dai Stablecoin,Aave v3,Aave,2023-01-27 18:00:00+00:00
403,16499772,465233,0x5ee5bf7ae06d1be5997a1a72006fe6c607ec6de851190700,23056.1646,,1674842087,Wrapped BTC,Aave v3,Aave,2023-01-27 17:00:00+00:00
404,16499763,465233,0x4d5f47fa6a74757f35c14fd3a6ef8e3c9bc514e851190700,1596.87793,,1674841967,Wrapped Ether,Aave v3,Aave,2023-01-27 17:00:00+00:00
405,16499732,465233,0x98c23e9d8f34fefb1b7bd6a91b7ff122f4e16f5c51190700,0.99995424,,1674841583,USD Coin,Aave v3,Aave,2023-01-27 17:00:00+00:00
406,16499563,465233,0x5e8c8a7243651db1384c0ddfdbe39761e8e7e51a51190700,7.28,,1674839555,ChainLink Token,Aave v3,Aave,2023-01-27 17:00:00+00:00
407,16499544,465233,0x018008bfb33d285247a21d44e50697654f754e6351190700,1.00010174,,1674839315,Dai Stablecoin,Aave v3,Aave,2023-01-27 17:00:00+00:00
408,16499523,465233,0x0b925ed163218f6662a35e0f0371ac234f9e937151190700,1754.78212924,,1674839063,Wrapped liquid staked Ether 2.0,Aave v3,Aave,2023-01-27 17:00:00+00:00
409,16499419,465232,0x4d5f47fa6a74757f35c14fd3a6ef8e3c9bc514e850190700,1583.91633,,1674837815,Wrapped Ether,Aave v3,Aave,2023-01-27 16:00:00+00:00
410,16499351,465232,0x5ee5bf7ae06d1be5997a1a72006fe6c607ec6de850190700,23008.78836748,,1674836999,Wrapped BTC,Aave v3,Aave,2023-01-27 16:00:00+00:00
411,16499277,465232,0x98c23e9d8f34fefb1b7bd6a91b7ff122f4e16f5c50190700,0.99995424,,1674836099,USD Coin,Aave v3,Aave,2023-01-27 16:00:00+00:00
412,16499277,465232,0x5e8c8a7243651db1384c0ddfdbe39761e8e7e51a50190700,7.23011374,,1674836099,ChainLink Token,Aave v3,Aave,2023-01-27 16:00:00+00:00
413,16499277,465232,0x0b925ed163218f6662a35e0f0371ac234f9e937150190700,1740.81076438,,1674836099,Wrapped liquid staked Ether 2.0,Aave v3,Aave,2023-01-27 16:00:00+00:00
414,16499173,465231,0x4d5f47fa6a74757f35c14fd3a6ef8e3c9bc514e84f190700,1586.11116,,1674834851,Wrapped Ether,Aave v3,Aave,2023-01-27 15:00:00+00:00
415,16499116,465231,0x98c23e9d8f34fefb1b7bd6a91b7ff122f4e16f5c4f190700,0.99995424,,1674834143,USD Coin,Aave v3,Aave,2023-01-27 15:00:00+00:00
416,16499116,465231,0x5ee5bf7ae06d1be5997a1a72006fe6c607ec6de84f190700,22979.54548287,,1674834143,Wrapped BTC,Aave v3,Aave,2023-01-27 15:00:00+00:00
417,16499116,465231,0x0b925ed163218f6662a35e0f0371ac234f9e93714f190700,1751.95573564,,1674834143,Wrapped liquid staked Ether 2.0,Aave v3,Aave,2023-01-27 15:00:00+00:00
418,16499078,465231,0x018008bfb33d285247a21d44e50697654f754e634f190700,1.00083423,,1674833687,Dai Stablecoin,Aave v3,Aave,2023-01-27 15:00:00+00:00
419,16499076,465231,0xa700b4eb416be35b2911fd5dee80678ff64ff6c94f190700,88.26,,1674833663,Aave Token,Aave v3,Aave,2023-01-27 15:00:00+00:00
420,16498907,465231,0x5e8c8a7243651db1384c0ddfdbe39761e8e7e51a4f190700,7.20674819,,1674831623,ChainLink Token,Aave v3,Aave,2023-01-27 15:00:00+00:00
421,16498901,465230,0x98c23e9d8f34fefb1b7bd6a91b7ff122f4e16f5c4e190700,0.99995424,,1674831551,USD Coin,Aave v3,Aave,2023-01-27 14:00:00+00:00
422,16498885,465230,0x4d5f47fa6a74757f35c14fd3a6ef8e3c9bc514e84e190700,1586.11116,,1674831359,Wrapped Ether,Aave v3,Aave,2023-01-27 14:00:00+00:00
423,16498883,465230,0x0b925ed163218f6662a35e0f0371ac234f9e93714e190700,1753.63538488,,1674831335,Wrapped liquid staked Ether 2.0,Aave v3,Aave,2023-01-27 14:00:00+00:00
424,16498829,465230,0x018008bfb33d285247a21d44e50697654f754e634e190700,0.99964963,,1674830687,Dai Stablecoin,Aave v3,Aave,2023-01-27 14:00:00+00:00
425,16498767,465230,0xa700b4eb416be35b2911fd5dee80678ff64ff6c94e190700,86.48261236,,1674829943,Aave Token,Aave v3,Aave,2023-01-27 14:00:00+00:00
426,16498670,465230,0x5ee5bf7ae06d1be5997a1a72006fe6c607ec6de84e190700,22840.8199029,,1674828779,Wrapped BTC,Aave v3,Aave,2023-01-27 14:00:00+00:00
427,16498600,465229,0x0b925ed163218f6662a35e0f0371ac234f9e93714d190700,1734.82584068,,1674827939,Wrapped liquid staked Ether 2.0,Aave v3,Aave,2023-01-27 13:00:00+00:00
428,16498594,465229,0x98c23e9d8f34fefb1b7bd6a91b7ff122f4e16f5c4d190700,0.99995424,,1674827867,USD Coin,Aave v3,Aave,2023-01-27 13:00:00+00:00
429,16498587,465229,0x4d5f47fa6a74757f35c14fd3a6ef8e3c9bc514e84d190700,1570.59541,,1674827783,Wrapped Ether,Aave v3,Aave,2023-01-27 13:00:00+00:00
430,16498545,465229,0x5ee5bf7ae06d1be5997a1a72006fe6c607ec6de84d190700,22889.29160854,,1674827267,Wrapped BTC,Aave v3,Aave,2023-01-27 13:00:00+00:00
431,16498525,465229,0x018008bfb33d285247a21d44e50697654f754e634d190700,0.99968475,,1674827027,Dai Stablecoin,Aave v3,Aave,2023-01-27 13:00:00+00:00
432,16498259,465228,0x018008bfb33d285247a21d44e50697654f754e634c190700,0.99983687,,1674823811,Dai Stablecoin,Aave v3,Aave,2023-01-27 12:00:00+00:00
433,16498232,465228,0x4d5f47fa6a74757f35c14fd3a6ef8e3c9bc514e84c190700,1577.07003804,,1674823487,Wrapped Ether,Aave v3,Aave,2023-01-27 12:00:00+00:00
434,16498232,465228,0x0b925ed163218f6662a35e0f0371ac234f9e93714c190700,1741.97749283,,1674823487,Wrapped liquid staked Ether 2.0,Aave v3,Aave,2023-01-27 12:00:00+00:00
435,16498211,465228,0x5ee5bf7ae06d1be5997a1a72006fe6c607ec6de84c190700,22901.415798,,1674823235,Wrapped BTC,Aave v3,Aave,2023-01-27 12:00:00+00:00
436,16498080,465228,0x98c23e9d8f34fefb1b7bd6a91b7ff122f4e16f5c4c190700,0.99995424,,1674821651,USD Coin,Aave v3,Aave,2023-01-27 12:00:00+00:00
437,16498004,465227,0x98c23e9d8f34fefb1b7bd6a91b7ff122f4e16f5c4b190700,0.99995424,,1674820727,USD Coin,Aave v3,Aave,2023-01-27 11:00:00+00:00
438,16497962,465227,0x0b925ed163218f6662a35e0f0371ac234f9e93714b190700,1741.31063211,,1674820223,Wrapped liquid staked Ether 2.0,Aave v3,Aave,2023-01-27 11:00:00+00:00
439,16497885,465227,0x4d5f47fa6a74757f35c14fd3a6ef8e3c9bc514e84b190700,1576.7137,,1674819287,Wrapped Ether,Aave v3,Aave,2023-01-27 11:00:00+00:00
440,16497705,465226,0x98c23e9d8f34fefb1b7bd6a91b7ff122f4e16f5c4a190700,0.99995424,,1674817115,USD Coin,Aave v3,Aave,2023-01-27 10:00:00+00:00
441,16497705,465226,0x4d5f47fa6a74757f35c14fd3a6ef8e3c9bc514e84a190700,1576.7137,,1674817115,Wrapped Ether,Aave v3,Aave,2023-01-27 10:00:00+00:00
442,16497613,465226,0x0b925ed163218f6662a35e0f0371ac234f9e93714a190700,1743.92894771,,1674816011,Wrapped liquid staked Ether 2.0,Aave v3,Aave,2023-01-27 10:00:00+00:00
443,16497464,465226,0x018008bfb33d285247a21d44e50697654f754e634a190700,0.99972304,,1674814211,Dai Stablecoin,Aave v3,Aave,2023-01-27 10:00:00+00:00
444,16497412,465225,0x5e8c8a7243651db1384c0ddfdbe39761e8e7e51a49190700,7.2619422,,1674813587,ChainLink Token,Aave v3,Aave,2023-01-27 09:00:00+00:00
445,16497355,465225,0x98c23e9d8f34fefb1b7bd6a91b7ff122f4e16f5c49190700,0.99995424,,1674812903,USD Coin,Aave v3,Aave,2023-01-27 09:00:00+00:00
446,16497355,465225,0x4d5f47fa6a74757f35c14fd3a6ef8e3c9bc514e849190700,1581.1388,,1674812903,Wrapped Ether,Aave v3,Aave,2023-01-27 09:00:00+00:00
447,16497333,465225,0x0b925ed163218f6662a35e0f0371ac234f9e937149190700,1746.19767894,,1674812639,Wrapped liquid staked Ether 2.0,Aave v3,Aave,2023-01-27 09:00:00+00:00
448,16497089,465224,0x4d5f47fa6a74757f35c14fd3a6ef8e3c9bc514e848190700,1585.87,,1674809687,Wrapped Ether,Aave v3,Aave,2023-01-27 08:00:00+00:00
449,16497086,465224,0x0b925ed163218f6662a35e0f0371ac234f9e937148190700,1751.42278027,,1674809651,Wrapped liquid staked Ether 2.0,Aave v3,Aave,2023-01-27 08:00:00+00:00
450,16497024,465224,0x98c23e9d8f34fefb1b7bd6a91b7ff122f4e16f5c48190700,0.99995424,,1674808907,USD Coin,Aave v3,Aave,2023-01-27 08:00:00+00:00
451,16496939,465224,0x018008bfb33d285247a21d44e50697654f754e6348190700,1.00015782,,1674807887,Dai Stablecoin,Aave v3,Aave,2023-01-27 08:00:00+00:00
452,16496810,465223,0xa700b4eb416be35b2911fd5dee80678ff64ff6c947190700,0.0,,1674806327,Aave Token,Aave v3,Aave,2023-01-27 07:00:00+00:00
453,16496808,465223,0x5e8c8a7243651db1384c0ddfdbe39761e8e7e51a47190700,0.0,,1674806303,ChainLink Token,Aave v3,Aave,2023-01-27 07:00:00+00:00
454,16496806,465223,0x018008bfb33d285247a21d44e50697654f754e6347190700,0.0,,1674806279,Dai Stablecoin,Aave v3,Aave,2023-01-27 07:00:00+00:00
455,16496802,465223,0x98c23e9d8f34fefb1b7bd6a91b7ff122f4e16f5c47190700,0.0,,1674806231,USD Coin,Aave v3,Aave,2023-01-27 07:00:00+00:00
456,16496800,465223,0x5ee5bf7ae06d1be5997a1a72006fe6c607ec6de847190700,0.0,,1674806207,Wrapped BTC,Aave v3,Aave,2023-01-27 07:00:00+00:00
457,16496795,465223,0x0b925ed163218f6662a35e0f0371ac234f9e937147190700,0.0,,1674806147,Wrapped liquid staked Ether 2.0,Aave v3,Aave,2023-01-27 07:00:00+00:00
458,16496792,465223,0x4d5f47fa6a74757f35c14fd3a6ef8e3c9bc514e847190700,0.0,,1674806111,Wrapped Ether,Aave v3,Aave,2023-01-27 07:00:00+00:00
